FACTORY_NAME,PRODUCT_NAME,PRODUCT_TYPE,LOT,DEFECT_DATE,DEFECT_TYPE,DEFECT_RATE
공장 C,MLCC_05,C0G,ef797f95-f076-41a1-88b2-62de68cafbcf,2025-09-28,크랙,0.1866
공장 C,MLCC_05,C0G,76d92b7f-cd28-4837-948b-545aceb3a375,2025-09-18,크랙,0.0339
공장 C,MLCC_05,X5R,16205da0-38bb-46bc-a554-ce98fc7d6ddd,2025-09-28,크랙,0.155
공장 C,MLCC_05,X5R,2981e7fa-a627-45f2-b09d-e2bae5646a23,2025-09-19,크랙,0.0284
공장 A,MLCC_05,X7R,6c312cc7-76ba-43a7-9fe3-d8b0ffde107c,2025-09-27,전극손상,0.1528
공장 A,MLCC_05,X7R,01e45343-f47e-480a-9e63-b8a025ff0ac7,2025-09-20,전극손상,0.0389
공장 B,MLCC_05,X5R,3eac8b37-9483-4ea0-82d3-fac98b2e17b1,2025-09-27,전극손상,0.1591
공장 B,MLCC_05,X5R,e3296820-6733-4c59-90c6-5072f45fd740,2025-09-20,전극손상,0.0173
공장 B,MLCC_05,X5R,f017e5bc-0cad-4185-b492-aceb29d27e1c,2025-09-26,크랙,0.1716
공장 B,MLCC_05,X5R,e36cbdb9-5568-42a1-984f-d4a290b2fcd5,2025-09-23,크랙,0.0216
공장 C,MLCC_05,X7R,273cab13-a3bc-4caf-ae51-4104672ae5d3,2025-09-27,전극손상,0.1523
공장 C,MLCC_05,X7R,df030f03-2143-40e6-ba42-3c3cef173755,2025-09-21,전극손상,0.049
공장 C,MLCC_05,X5R,19a74bd1-37a8-492a-a945-e899d68e5d9b,2025-09-27,전극손상,0.1893
공장 C,MLCC_05,X5R,10a4fe29-238f-434a-8e3d-d92166ccabd5,2025-09-15,전극손상,0.018
공장 C,MLCC_05,C0G,5621e4e0-fff1-43be-b581-2da98d182cb0,2025-09-26,크랙,0.193
공장 C,MLCC_05,C0G,4c5b7398-8377-4da6-a0a2-74512b4b1001,2025-09-20,크랙,0.0372
공장 A,MLCC_05,X7R,e06f7a8c-54b2-4e9b-b495-c075bf348edf,2025-09-28,전극손상,0.1974
공장 A,MLCC_05,X7R,7123da57-39d3-463d-b8b8-685796030feb,2025-09-15,전극손상,0.0486
공장 B,MLCC_05,X5R,50ef70e9-52bb-4bb1-87f7-43a210dc1506,2025-09-26,크랙,0.1508
공장 B,MLCC_05,X5R,21f8cf94-a20d-43ad-8484-405a4050d78f,2025-09-23,크랙,0.0192
공장 C,MLCC_05,X7R,db904238-edd8-487f-a463-f76061daa96f,2025-09-27,전극손상,0.1748
공장 C,MLCC_05,X7R,0588cc01-8fec-492e-b733-54372c03400d,2025-09-22,전극손상,0.0114
공장 B,MLCC_05,C0G,d0a92367-63f1-4578-892f-da96556585ac,2025-09-27,전극손상,0.1591
공장 B,MLCC_05,C0G,44412571-0795-43f5-922f-d1bb3af1767a,2025-09-23,전극손상,0.0402
공장 B,MLCC_05,X5R,f00e644e-8ae8-474c-8fde-74391ed8dcff,2025-09-28,전극손상,0.1773
공장 B,MLCC_05,X5R,daaf5bb3-e630-4e1e-a8fb-e3d06a2da5e6,2025-09-18,전극손상,0.0174
공장 C,MLCC_05,X5R,d7ce8bec-9f7b-4ea4-9f1d-32be4adc4140,2025-09-28,전극손상,0.1725
공장 C,MLCC_05,X5R,cf7b6946-b247-4911-ac0a-e442fc1e778b,2025-09-19,전극손상,0.0258
공장 B,MLCC_05,X7R,d2f3588a-d7ba-4fee-b3cd-37cd0e3e9ac2,2025-09-28,전극손상,0.1663
공장 B,MLCC_05,X7R,fa53ef2a-a3d8-480d-a901-2bfdd7795268,2025-09-18,전극손상,0.0328
공장 A,MLCC_05,X5R,333d6af5-a2fa-4dea-b665-50f16b9b9e37,2025-09-26,전극손상,0.1922
공장 A,MLCC_05,X5R,99983dbc-db28-4bbd-810e-5a57e2b474c5,2025-09-16,전극손상,0.0399
공장 C,MLCC_05,C0G,d8b932e5-1891-4cca-9e7a-0a6a131f4101,2025-09-27,전극손상,0.1678
공장 C,MLCC_05,C0G,aa4a1455-e42d-41d4-bcc5-38f63514358b,2025-09-21,전극손상,0.0212
공장 A,MLCC_05,C0G,68d7ef30-e5d3-4ded-b429-37ee1183fbe2,2025-09-28,크랙,0.1901
공장 A,MLCC_05,C0G,3d8200cd-abc2-4d0d-98a3-6e68f84d4ecf,2025-09-16,크랙,0.013
공장 C,MLCC_05,C0G,e6403327-3d99-44c8-b9d4-95b099d0b137,2025-09-27,전극손상,0.1697
공장 C,MLCC_05,C0G,f8a71fd1-b38e-4b37-ba24-5739bc4502d9,2025-09-23,전극손상,0.0217
공장 C,MLCC_05,X7R,875106cf-1833-4b4a-b750-f3f013bc427c,2025-09-27,크랙,0.1853
공장 C,MLCC_05,X7R,bae01b95-39d7-4202-9e04-d19af58f7500,2025-09-19,크랙,0.0392
공장 A,MLCC_05,X7R,c8db0e00-3f1d-48ce-9c9b-2d66ac8388af,2025-09-28,크랙,0.1963
공장 A,MLCC_05,X7R,4f3a36a3-1963-4d07-896c-b10e57115ed2,2025-09-17,크랙,0.036
공장 C,MLCC_05,C0G,15f65135-24c9-4ce3-8b87-c7c10bbc5d4d,2025-09-27,전극손상,0.1725
공장 C,MLCC_05,C0G,32546c79-fed3-4555-b9a0-9af916fdf5d9,2025-09-21,전극손상,0.0138
공장 C,MLCC_05,X7R,af9bce1e-be16-4df5-8284-1cd7d9c6ea29,2025-09-27,전극손상,0.1663
공장 C,MLCC_05,X7R,950b47dc-d827-4003-9171-80870b430e98,2025-09-24,전극손상,0.0392
공장 B,MLCC_05,X7R,d0232529-c9ae-45a3-beea-430b15d3a909,2025-09-26,크랙,0.1736
공장 B,MLCC_05,X7R,8562f202-f72c-4174-aad3-69757953f5df,2025-09-17,크랙,0.0148
공장 B,MLCC_05,X7R,3e0e1ab9-ec7d-4461-895f-dae996aa90f8,2025-09-27,크랙,0.1861
공장 B,MLCC_05,X7R,cc3bc456-c0f7-4046-b355-c606b8d454d3,2025-09-24,크랙,0.0194
공장 B,MLCC_05,X7R,801c05ab-2a3c-4bd7-8efa-e6c33886ad26,2025-09-28,크랙,0.1761
공장 B,MLCC_05,X7R,36737086-cfd3-4e84-8e8e-54315cb56ee0,2025-09-19,크랙,0.0271
공장 B,MLCC_05,C0G,6e9b9e25-1510-48aa-a29e-1408f2c4e697,2025-09-26,크랙,0.1516
공장 B,MLCC_05,C0G,7d9b5d11-9784-4f7e-a6e4-687170464445,2025-09-24,크랙,0.0355
공장 A,MLCC_05,X5R,9af5fe9b-22e1-4bbc-ad9d-b23941bdae61,2025-09-27,크랙,0.1625
공장 A,MLCC_05,X5R,76d598e3-96c4-4d50-bc56-1e574c24884b,2025-09-20,크랙,0.0264
공장 C,MLCC_05,C0G,a31bc9d4-9fea-4e72-aa19-4212371ec5b1,2025-09-26,전극손상,0.1971
공장 C,MLCC_05,C0G,ad836ea3-bc46-4810-b1a8-ad85ab380662,2025-09-17,전극손상,0.034
공장 C,MLCC_05,X5R,3a7296d7-b392-4d5d-af36-a2f3fab81f1a,2025-09-27,전극손상,0.1965
공장 C,MLCC_05,X5R,b0afbe29-de6f-4a9f-963c-204548578fba,2025-09-20,전극손상,0.0423
공장 A,MLCC_05,C0G,9e7de947-7d46-4252-9d70-111601e7e7a2,2025-09-27,전극손상,0.1728
공장 A,MLCC_05,C0G,4ee0ccbb-2bab-4173-aeeb-3a3e77ac21c9,2025-09-24,전극손상,0.0187
공장 B,MLCC_05,X5R,257cbcca-a229-42bb-91fb-c65c55f57dfc,2025-09-27,크랙,0.1662
공장 B,MLCC_05,X5R,1a96a9a2-4ce0-4b97-a3be-92b257d91177,2025-09-20,크랙,0.0149
공장 A,MLCC_05,X7R,5a65a873-6dad-4a2e-9bd6-df33c27bc61f,2025-09-28,전극손상,0.1555
공장 A,MLCC_05,X7R,d9889f27-94d1-46c0-907a-5e90e8487d6a,2025-09-19,전극손상,0.0191
공장 B,MLCC_05,C0G,4a7a00be-5ec9-4a39-a7db-ffcf1f70d7e3,2025-09-27,전극손상,0.1676
공장 B,MLCC_05,C0G,7f9ab4a2-c817-40b7-af4e-1647eebbabd2,2025-09-22,전극손상,0.0222
공장 B,MLCC_05,X7R,ff314843-1297-44ef-be77-0b9adedc6e52,2025-09-26,크랙,0.1742
공장 B,MLCC_05,X7R,23527e44-63ba-4ca1-a270-a088680834ed,2025-09-15,크랙,0.0377
공장 B,MLCC_05,X7R,1fe051a8-c2ec-4841-99f2-cbfac5f714af,2025-09-27,크랙,0.1662
공장 B,MLCC_05,X7R,7b16ee8d-003d-4685-9708-19f19b98abae,2025-09-18,크랙,0.0308
공장 A,MLCC_05,C0G,92929c89-b151-44f2-8d58-aa2563effd4d,2025-09-27,전극손상,0.1986
공장 A,MLCC_05,C0G,7e463510-ab2b-4dee-81f0-548272425f24,2025-09-20,전극손상,0.0485
공장 B,MLCC_05,X7R,a72e6887-d51a-4a42-8e85-8fbc517b89b5,2025-09-26,전극손상,0.1856
공장 B,MLCC_05,X7R,6a83b975-da8b-4d77-b8aa-48917da65665,2025-09-16,전극손상,0.0159
공장 A,MLCC_05,X7R,48699b83-2be0-429f-a347-5ce00e496259,2025-09-26,크랙,0.1988
공장 A,MLCC_05,X7R,64089936-dc52-4879-9103-22acd932a3a9,2025-09-17,크랙,0.0264
공장 C,MLCC_05,C0G,36ddac6e-ae06-419a-b637-0e9e91209e3c,2025-09-26,전극손상,0.1954
공장 C,MLCC_05,C0G,898088a2-57fe-4424-bcef-2aa1e53d0d11,2025-09-20,전극손상,0.0196
공장 B,MLCC_05,C0G,dc3bae32-bcf7-43b0-87a9-d32976a3282e,2025-09-28,전극손상,0.1724
공장 B,MLCC_05,C0G,d1b9b211-16aa-4e20-b7c6-14154e770aa0,2025-09-18,전극손상,0.0321
공장 C,MLCC_05,X7R,3131b617-9cc9-4c14-a96a-fb9b05d09a52,2025-09-28,크랙,0.1685
공장 C,MLCC_05,X7R,a259a71a-4d53-4fd8-a212-f04a35c8e1b5,2025-09-20,크랙,0.0197
공장 B,MLCC_05,C0G,78983583-ff05-411e-ac16-2b8e727ab1c4,2025-09-28,전극손상,0.1992
공장 B,MLCC_05,C0G,9478b7b4-c8ef-4ca9-8ae2-2105afcb3c32,2025-09-24,전극손상,0.026
공장 C,MLCC_05,C0G,39d1fc62-c10a-461a-880b-4b6470d7ed1f,2025-09-26,크랙,0.166
공장 C,MLCC_05,C0G,a5fb55ec-798b-4bfb-89ea-4c0139eb09eb,2025-09-24,크랙,0.0175
공장 A,MLCC_05,X7R,98c1de11-4024-4900-83eb-920550adb7cd,2025-09-26,전극손상,0.1663
공장 A,MLCC_05,X7R,6579e7cc-ec53-4e47-8dab-12ff2fbd5059,2025-09-15,전극손상,0.0188
공장 B,MLCC_05,X7R,20298252-efb2-4ab0-b304-4ebe2337478d,2025-09-26,크랙,0.1613
공장 B,MLCC_05,X7R,8290664d-c73c-4166-b5ab-6726eaa69404,2025-09-21,크랙,0.0358
공장 A,MLCC_05,C0G,8d9958a5-f351-44ec-b6b3-1526db05f199,2025-09-26,전극손상,0.1693
공장 A,MLCC_05,C0G,36c6e5ac-9ceb-4437-9729-13a67370ad59,2025-09-24,전극손상,0.0475
공장 A,MLCC_05,X7R,8f980844-385f-40c2-a3c3-3a4e3a7dee32,2025-09-26,전극손상,0.1868
공장 A,MLCC_05,X7R,1a52225e-9903-477a-a417-e0fa3eea6197,2025-09-19,전극손상,0.0184
공장 C,MLCC_05,X5R,6865284e-48ec-4e89-ba0b-76e3bf481a66,2025-09-28,전극손상,0.1629
공장 C,MLCC_05,X5R,47cb6713-4ae4-4c92-b526-5ffa19ac3516,2025-09-21,전극손상,0.0364
공장 B,MLCC_05,C0G,135fa117-ec5e-4c1c-9555-71a12c265e6d,2025-09-27,전극손상,0.1765
공장 B,MLCC_05,C0G,117eb409-9e84-46fc-b5af-cb8e0fee89c8,2025-09-21,전극손상,0.0197
공장 B,MLCC_05,C0G,1f239f8b-6697-415f-80d4-73b4688e5387,2025-09-28,크랙,0.1941
공장 B,MLCC_05,C0G,f31516da-facf-4ebb-9d77-4fd9e1d15662,2025-09-22,크랙,0.0175
공장 A,MLCC_05,X7R,c408bd0f-61b1-428c-b12f-07fe704ae768,2025-09-27,크랙,0.1863
공장 A,MLCC_05,X7R,33ae44a0-0107-41b2-9a22-505858255ab3,2025-09-15,크랙,0.0459
공장 B,MLCC_05,C0G,80cd0546-1e01-4dec-a4d3-163e37cdabbf,2025-09-26,전극손상,0.1925
공장 B,MLCC_05,C0G,f7bfdb80-d945-413d-8b11-57de6b6abdf9,2025-09-24,전극손상,0.0474
공장 B,MLCC_05,X5R,bfc61266-6665-4869-8b14-01d5faa4a1cd,2025-09-28,크랙,0.1686
공장 B,MLCC_05,X5R,66a79888-5ead-4a01-a064-8c4f36d3d377,2025-09-21,크랙,0.0476
공장 A,MLCC_05,C0G,cb27a521-fe77-4096-870d-7478bb8d55c4,2025-09-27,전극손상,0.158
공장 A,MLCC_05,C0G,d662fe85-a1b9-423f-b1df-ff5fd0b494e5,2025-09-24,전극손상,0.0319
공장 B,MLCC_05,X7R,d8cc234b-db10-4eef-a4b8-3a4bd93d9f32,2025-09-28,전극손상,0.1997
공장 B,MLCC_05,X7R,653249bb-4a31-49ee-87f6-3230cfb9c523,2025-09-19,전극손상,0.017
공장 A,MLCC_05,X5R,7229f7d0-9cd5-4808-b8cb-3ad4b7417fed,2025-09-26,크랙,0.1589
공장 A,MLCC_05,X5R,dfc7222f-f7d1-41de-99e1-8a8b78e6c7ca,2025-09-21,크랙,0.0247
공장 C,MLCC_05,X7R,8cc85e13-e9b6-41a9-8ec6-2577884eb11b,2025-09-28,크랙,0.1654
공장 C,MLCC_05,X7R,5364452d-e87f-4050-971b-5e353d74a857,2025-09-15,크랙,0.0317
공장 C,MLCC_05,X7R,668a9375-c6d4-4189-9cac-17da3d698da8,2025-09-26,전극손상,0.1633
공장 C,MLCC_05,X7R,1057eb5d-9524-4749-b1b2-579e7e3a9c22,2025-09-23,전극손상,0.0198
공장 B,MLCC_05,X5R,dca5983d-31c2-4b02-abf2-53cdcee7cd73,2025-09-26,크랙,0.1743
공장 B,MLCC_05,X5R,8f2e5060-ca6e-4e14-bfdb-1400feacd9ba,2025-09-19,크랙,0.0462
공장 C,MLCC_05,X5R,dce99474-c3d7-4c0e-9f1e-52cb24d68d9e,2025-09-28,크랙,0.1751
공장 C,MLCC_05,X5R,51ab455f-5d20-4770-8d75-4aa23f35fd74,2025-09-21,크랙,0.0331
공장 A,MLCC_05,C0G,59b93ed6-e120-4b83-a182-2284320c827c,2025-09-28,전극손상,0.1861
공장 A,MLCC_05,C0G,dd27da77-ac57-4352-a591-7908c47b2620,2025-09-20,전극손상,0.0212
공장 C,MLCC_05,C0G,c2514a91-e1f9-41bf-93df-c06bc6c2c243,2025-09-27,전극손상,0.1589
공장 C,MLCC_05,C0G,e025fdeb-fb56-4205-9503-8f852c95b1d3,2025-09-21,전극손상,0.0476
공장 A,MLCC_05,X5R,9b2089f0-5d91-405a-bfa3-e1d86acb951f,2025-09-28,크랙,0.1942
공장 A,MLCC_05,X5R,4827fbd5-4abf-4ace-8e8f-913076e94dec,2025-09-21,크랙,0.0399
공장 A,MLCC_05,C0G,0f5aac82-eaa6-4045-b8d4-925cf9901a46,2025-09-28,크랙,0.1776
공장 A,MLCC_05,C0G,f9dcee6c-5d3e-44cc-a0f5-0a323bcfb5ec,2025-09-24,크랙,0.0329
공장 A,MLCC_05,X7R,ef4226b4-840a-4545-9384-5a8d92e6d6f4,2025-09-27,크랙,0.1693
공장 A,MLCC_05,X7R,c3c81713-f3ca-4623-9ff1-7c8fbe785a98,2025-09-24,크랙,0.044
공장 C,MLCC_05,X5R,e5c059b9-ae18-4150-aa9c-3c6ae494cf0f,2025-09-28,크랙,0.1697
공장 C,MLCC_05,X5R,cad88d55-73c8-42ad-aa2b-ce0d8fb2b01f,2025-09-15,크랙,0.0438
공장 C,MLCC_05,X5R,35752070-add1-4117-85f5-a7e97103bcc6,2025-09-27,전극손상,0.1604
공장 C,MLCC_05,X5R,f3f94bd6-bafe-4a62-9ef7-4270527e2299,2025-09-16,전극손상,0.0368
공장 C,MLCC_05,X5R,bc2a25bd-d9d0-4760-abe7-9842507b24e7,2025-09-26,크랙,0.1759
공장 C,MLCC_05,X5R,060ce283-ba84-48cc-bdf0-211903a1a4d6,2025-09-17,크랙,0.0451
공장 A,MLCC_05,C0G,5d3b67c0-9e3a-49f0-ba48-7420698b08d8,2025-09-27,크랙,0.1851
공장 A,MLCC_05,C0G,c50085cd-7e5f-4f51-be13-23aa290ed63a,2025-09-22,크랙,0.0244
공장 A,MLCC_05,X5R,b2d3a612-3560-4b6e-9a61-b5ca414c9a65,2025-09-26,크랙,0.171
공장 A,MLCC_05,X5R,ff2ead30-7c05-43df-8586-4e54abbe1ebb,2025-09-17,크랙,0.0202
공장 A,MLCC_05,X5R,4ffa2bdf-712a-4e71-a68e-30f5ff2c7b1b,2025-09-27,크랙,0.1751
공장 A,MLCC_05,X5R,d8f6d3b3-5788-47ab-80a9-4787bc83547f,2025-09-19,크랙,0.0419
공장 A,MLCC_05,X5R,d5e1df87-a7d7-4072-8433-33785f144f6d,2025-09-28,전극손상,0.1525
공장 A,MLCC_05,X5R,df4c6420-f057-4d77-8512-37d58c9da16c,2025-09-19,전극손상,0.0455
공장 C,MLCC_05,X5R,9b65d3d2-a89c-4826-8643-42b3d87aac3b,2025-09-27,전극손상,0.1719
공장 C,MLCC_05,X5R,31b332f1-9d24-4989-ad7c-ecae45652d22,2025-09-23,전극손상,0.0369
공장 C,MLCC_05,C0G,d3b376be-7a25-4578-b42e-007fd85e4596,2025-09-26,전극손상,0.1771
공장 C,MLCC_05,C0G,b4849999-bb1a-4c6e-a7fd-f33e20d4b7d2,2025-09-15,전극손상,0.0215
공장 B,MLCC_05,X5R,121eca45-723d-4f4e-b2e7-c590a5b4b61e,2025-09-26,전극손상,0.1625
공장 B,MLCC_05,X5R,cc679c35-5db9-4b54-bd8a-dbb6c169a832,2025-09-18,전극손상,0.0116
공장 C,MLCC_05,X5R,1d812b70-b000-49f7-8891-6a528eeb432e,2025-09-28,크랙,0.1564
공장 C,MLCC_05,X5R,a0935ed3-badf-4836-95cb-26d4230c3cb5,2025-09-15,크랙,0.0309
공장 A,MLCC_05,C0G,53d26c14-afcc-48d6-9edd-0aa79b4c4547,2025-09-27,크랙,0.1543
공장 A,MLCC_05,C0G,489255a4-d203-43b4-93ee-ed01ed1faaeb,2025-09-15,크랙,0.0121
공장 B,MLCC_05,X7R,330cbb52-2cfe-4dc5-bfc1-8b4883a6c2e0,2025-09-28,크랙,0.1819
공장 B,MLCC_05,X7R,e2fe0fe4-ee58-46f8-9f72-35b099fcda07,2025-09-19,크랙,0.039
공장 A,MLCC_05,X5R,743ba686-db90-4144-aeeb-d46bdc747760,2025-09-27,전극손상,0.1857
공장 A,MLCC_05,X5R,c2cad579-cd45-4a8b-bed0-a6aee590a4f7,2025-09-17,전극손상,0.0116
공장 C,MLCC_05,X7R,9a2a0453-4ea3-4277-ad42-7360508cdc33,2025-09-27,전극손상,0.1872
공장 C,MLCC_05,X7R,775139d0-c31c-4c24-97c1-48b74e2cbeb5,2025-09-18,전극손상,0.02
공장 B,MLCC_05,C0G,793bbe32-e765-470d-be8e-b0b2fb16b6a2,2025-09-27,전극손상,0.1918
공장 B,MLCC_05,C0G,6ba1fbd7-5a95-4e0d-971c-42d036aec853,2025-09-22,전극손상,0.0378
공장 A,MLCC_05,C0G,2970f55f-db50-412b-be1b-aae4fcf7fa7c,2025-09-27,전극손상,0.1958
공장 A,MLCC_05,C0G,c6dc9161-b587-4f54-abfb-9ab8cba85766,2025-09-17,전극손상,0.0277
공장 B,MLCC_05,X5R,5b4190c1-2415-457b-bc36-5ca482d8bbd2,2025-09-26,전극손상,0.1591
공장 B,MLCC_05,X5R,618eb4fc-3e49-474b-a640-1dc45bc45ff0,2025-09-23,전극손상,0.0474
공장 A,MLCC_05,C0G,9c84399c-f20b-4ee2-86cc-bbee45c27676,2025-09-27,크랙,0.1829
공장 A,MLCC_05,C0G,dd0c6797-5fbb-4b38-9f41-33c4780d369e,2025-09-20,크랙,0.0274
공장 A,MLCC_05,X7R,2e8f7460-04f2-4f40-a70a-8e92d1227c86,2025-09-28,크랙,0.1624
공장 A,MLCC_05,X7R,cee02a49-1e74-48a0-97be-1eae25b3cb69,2025-09-16,크랙,0.0242
공장 A,MLCC_05,X5R,8b65e7fe-cece-43b7-ae9f-2265289fd268,2025-09-28,크랙,0.1671
공장 A,MLCC_05,X5R,46200df6-7ffd-43e9-9642-556dc8ba1cae,2025-09-16,크랙,0.0137
공장 C,MLCC_05,C0G,c00dc10c-1feb-4057-bf0d-7520835ab9f4,2025-09-28,전극손상,0.1928
공장 C,MLCC_05,C0G,3c2ef7ca-82a8-444e-8fb4-2cae33173f1c,2025-09-19,전극손상,0.0381
공장 B,MLCC_05,X5R,732e5bc3-c3d3-4a34-a38f-35d3225e9082,2025-09-26,전극손상,0.1903
공장 B,MLCC_05,X5R,a50651ca-c9e0-484c-ba6a-b6b8398ec169,2025-09-17,전극손상,0.0239
공장 B,MLCC_05,X5R,732c2be3-84b4-4499-9fd9-2bfe768344f6,2025-09-28,크랙,0.1699
공장 B,MLCC_05,X5R,6fadf076-fa2f-4473-aee3-85ab258432ae,2025-09-24,크랙,0.0346
공장 A,MLCC_05,X5R,a06515c2-df96-45f5-a64b-d6f6f1659c71,2025-09-27,전극손상,0.1687
공장 A,MLCC_05,X5R,76b33062-b133-4366-9d84-7b01713b5753,2025-09-24,전극손상,0.035
공장 B,MLCC_05,C0G,4c40dea7-85dd-4101-bb31-38f58dc2dc96,2025-09-28,전극손상,0.1829
공장 B,MLCC_05,C0G,091fb050-4f20-4d6a-b617-7f4a0684218e,2025-09-22,전극손상,0.0165
공장 C,MLCC_05,X5R,8b77cd07-ffe7-4aba-9a74-1849b2320a8a,2025-09-28,크랙,0.1934
공장 C,MLCC_05,X5R,a47de3d3-6279-41d4-8597-e8cbd0f33302,2025-09-18,크랙,0.0355
공장 B,MLCC_05,X7R,601b65a8-6047-4ec9-9440-d3f0eecf7252,2025-09-28,전극손상,0.1564
공장 B,MLCC_05,X7R,18aee52e-0ec5-4aff-9e10-5c9e4eb8a81e,2025-09-16,전극손상,0.0424
공장 C,MLCC_05,C0G,1a613db0-9ce9-408b-841d-5d9af8ee9b27,2025-09-28,전극손상,0.1693
공장 C,MLCC_05,C0G,63949fd2-0a7f-477e-a0ac-17f27728d5cf,2025-09-24,전극손상,0.0484
공장 B,MLCC_05,X7R,3c51c575-fa98-4a9e-9d8d-114f7af91037,2025-09-26,전극손상,0.1637
공장 B,MLCC_05,X7R,11c45321-c71c-4922-b75a-6da2292c5643,2025-09-23,전극손상,0.0186
공장 B,MLCC_05,X5R,974eeef6-a19b-406d-a46b-1674d2d7c7d8,2025-09-27,크랙,0.1547
공장 B,MLCC_05,X5R,bc34218a-84fe-453d-aa3e-36caeb57445f,2025-09-21,크랙,0.0373
공장 A,MLCC_05,X5R,1a12d72a-eae9-4404-8cb4-806fb461740c,2025-09-27,전극손상,0.1693
공장 A,MLCC_05,X5R,ab20ed1d-713b-46f5-86db-5c4090a851ec,2025-09-16,전극손상,0.0373
공장 B,MLCC_05,X5R,6fc6bd5b-a25e-412e-9fab-3baad49d3039,2025-09-28,크랙,0.1641
공장 B,MLCC_05,X5R,a513b317-cae7-4b79-817d-e29c09e72e80,2025-09-16,크랙,0.0147
공장 A,MLCC_05,X5R,9aca26c6-b381-4ae1-aca0-81df1c64e31b,2025-09-28,크랙,0.1968
공장 A,MLCC_05,X5R,14ac058a-6c13-49b1-b180-7c1d6dd36cb2,2025-09-24,크랙,0.0116
공장 A,MLCC_05,C0G,8a3676bf-a4d4-4c4e-a260-ab06da133a1d,2025-09-28,크랙,0.1641
공장 A,MLCC_05,C0G,7135861d-9d75-454f-a25f-331fb1f9563f,2025-09-21,크랙,0.0171
공장 A,MLCC_05,X7R,8f6d4fe2-5119-4e7a-b650-042f34e52c71,2025-09-27,크랙,0.1866
공장 A,MLCC_05,X7R,f6713bb6-6d3d-4cb0-9918-1f25c25f5475,2025-09-23,크랙,0.0151
공장 A,MLCC_05,X7R,817bd2ed-36d3-4f7b-a3ea-e777ca645b2c,2025-09-28,전극손상,0.167
공장 A,MLCC_05,X7R,6d865b76-90f2-4dc3-a519-01ac52fec39d,2025-09-17,전극손상,0.0472
공장 A,MLCC_05,C0G,0f0f9d4a-9210-4262-bbce-702b7904763d,2025-09-27,크랙,0.1875
공장 A,MLCC_05,C0G,765b2dbc-7584-468d-9a92-e03cce81252b,2025-09-17,크랙,0.0402
공장 A,MLCC_05,X5R,058ba3c1-9a6a-4e02-8e3a-0646d4215279,2025-09-27,크랙,0.1767
공장 A,MLCC_05,X5R,bd9745af-400a-4ff4-b958-abce7bdd1e07,2025-09-16,크랙,0.0299
공장 A,MLCC_05,X5R,08f5e5c4-c293-4e14-a6c9-a9f2acd14154,2025-09-28,크랙,0.1948
공장 A,MLCC_05,X5R,63e2c0a2-35c2-47c8-ac19-45e2cf14949c,2025-09-16,크랙,0.0256
공장 A,MLCC_05,C0G,b6203189-080b-42a2-8803-d48569764ac4,2025-09-28,크랙,0.1546
공장 A,MLCC_05,C0G,eb32dc75-734c-48bd-b84f-35b7b441f4d5,2025-09-15,크랙,0.0228
공장 B,MLCC_05,X7R,878f6a60-bfe6-4737-be76-f65f0cd161a0,2025-09-27,전극손상,0.1741
공장 B,MLCC_05,X7R,983ce936-7b7d-4c10-8b1b-94259cbdfb3e,2025-09-17,전극손상,0.0297
공장 A,MLCC_05,C0G,c880373e-fb95-49f0-8ba6-586a450b1bbd,2025-09-27,크랙,0.1801
공장 A,MLCC_05,C0G,a81c2c0a-db3b-4c85-a120-628dd8f7ba0e,2025-09-17,크랙,0.0321
공장 A,MLCC_05,C0G,da21396d-0aaf-405a-822e-14d50efee77d,2025-09-28,크랙,0.1891
공장 A,MLCC_05,C0G,f1657d34-9daa-4790-8336-25fa549ff024,2025-09-17,크랙,0.0145
공장 A,MLCC_05,X5R,9e7d6ce3-a4c6-4c5e-9d38-bdc5ffcd2d3f,2025-09-28,전극손상,0.1529
공장 A,MLCC_05,X5R,fe7c4f66-556e-486e-872e-37c866272648,2025-09-21,전극손상,0.032
공장 A,MLCC_05,X7R,3c10b0c4-ac49-48bf-ad4b-f96fd9801c31,2025-09-27,크랙,0.1773
공장 A,MLCC_05,X7R,c7f91433-8657-4f56-97e2-e0dc02a71721,2025-09-21,크랙,0.0382
공장 C,MLCC_05,C0G,368f75cb-6583-4a96-960e-68fbc4003af1,2025-09-28,전극손상,0.1918
공장 C,MLCC_05,C0G,7ab24525-6bc6-40d7-8bcf-5a7a6c6bcabf,2025-09-18,전극손상,0.0447
공장 B,MLCC_05,X7R,eafc1f27-17f0-42a8-a45b-74788315ae25,2025-09-26,전극손상,0.185
공장 B,MLCC_05,X7R,d63ef4f4-9d7c-4aba-8658-c4e43aa5e86d,2025-09-23,전극손상,0.0129
공장 B,MLCC_05,X7R,2a0a528c-0e13-4d34-915d-4f57c0ea5f2d,2025-09-27,전극손상,0.1573
공장 B,MLCC_05,X7R,32130479-8758-4f8c-aef6-c5867cf21e13,2025-09-18,전극손상,0.0305
공장 B,MLCC_05,X7R,f03ac3c0-e169-4202-8fd2-44e0b51ea4e6,2025-09-27,전극손상,0.1687
공장 B,MLCC_05,X7R,6ce32bf9-94fc-4830-91c7-cc74ab0d1886,2025-09-24,전극손상,0.0248
공장 A,MLCC_05,X7R,9d9b3d48-caf9-4355-bb5c-01c81aba3096,2025-09-27,크랙,0.1993
공장 A,MLCC_05,X7R,5383ba72-ff2b-4ab8-b6c7-7887194d45c3,2025-09-17,크랙,0.0401
공장 B,MLCC_05,X7R,82c5581d-b46d-40fe-a789-39b02207a840,2025-09-28,크랙,0.1889
공장 B,MLCC_05,X7R,fa0f5508-b6f4-4b32-8b7c-a44b8dc489f8,2025-09-16,크랙,0.0323
공장 C,MLCC_05,X5R,4a24bb2b-5a2a-4fb1-90b8-31383ea5a2b3,2025-09-26,전극손상,0.1665
공장 C,MLCC_05,X5R,2edccbac-18ef-453e-bb60-8a8313b3f261,2025-09-21,전극손상,0.0274
공장 A,MLCC_05,C0G,a3ed6e20-087b-471d-8475-37b5c6615ba1,2025-09-28,전극손상,0.1734
공장 A,MLCC_05,C0G,1080f00e-27f7-405d-9ac0-707aa2a2d2d5,2025-09-17,전극손상,0.0123
공장 A,MLCC_05,X7R,ac6dbe26-8582-4fee-b766-74514fb66374,2025-09-28,크랙,0.1872
공장 A,MLCC_05,X7R,c3480cbd-5721-482e-9d50-e8dc499065d3,2025-09-20,크랙,0.0372
공장 B,MLCC_05,C0G,70ed15af-65ec-497b-ade3-f02fd537914b,2025-09-28,크랙,0.1739
공장 B,MLCC_05,C0G,c57c8bad-7b7b-45c6-8e32-2d78af71feec,2025-09-15,크랙,0.0133
공장 A,MLCC_05,X5R,2c14c4ba-980e-4c81-a2af-685e49931e1b,2025-09-26,크랙,0.1982
공장 A,MLCC_05,X5R,b50911ba-ff57-4ddc-af0f-9aa4034cd7ba,2025-09-23,크랙,0.0105
공장 A,MLCC_05,C0G,48532b42-e173-49e8-b762-59a2253955ee,2025-09-26,크랙,0.1946
공장 A,MLCC_05,C0G,ad926333-cdb2-4ea3-95f4-7e13c4c4d3f6,2025-09-18,크랙,0.0311
공장 C,MLCC_05,C0G,8f39fc7a-4b51-49c0-a36d-a9f9a6780bc9,2025-09-27,전극손상,0.1777
공장 C,MLCC_05,C0G,23bfad75-1104-4ed8-bedd-a1a3cf5de70c,2025-09-22,전극손상,0.0488
공장 B,MLCC_05,X7R,889618f5-7e53-408d-bd62-3e3f3f2382c8,2025-09-28,크랙,0.1608
공장 B,MLCC_05,X7R,b886d1b6-b6de-4158-9bd3-dfef11243a07,2025-09-24,크랙,0.0218
공장 A,MLCC_05,C0G,ee96ee14-ef03-455d-b526-42982e79fb78,2025-09-28,전극손상,0.1792
공장 A,MLCC_05,C0G,d8f56fa6-68a6-466c-939e-0712e42cc849,2025-09-16,전극손상,0.046
공장 A,MLCC_05,X7R,55a1ce86-b348-4a27-818d-874ee3ab62e1,2025-09-26,전극손상,0.1979
공장 A,MLCC_05,X7R,387b6352-0ae3-4c95-ba77-3957985121ad,2025-09-22,전극손상,0.0123
공장 B,MLCC_05,C0G,20e2d144-be10-4bc7-bb17-8a3ef0c62e9e,2025-09-26,전극손상,0.1585
공장 B,MLCC_05,C0G,59c6324c-d59b-41dc-aad6-1d15f9b3ff24,2025-09-20,전극손상,0.0359
공장 B,MLCC_05,X5R,59555714-242c-4d4f-8980-99daa59a1254,2025-09-27,전극손상,0.1539
공장 B,MLCC_05,X5R,8bdc543b-7b96-4353-b4c2-02145a9bc3a0,2025-09-22,전극손상,0.049
공장 C,MLCC_05,X5R,ad862388-ac19-4573-8088-2c3b2b9a5829,2025-09-26,크랙,0.1768
공장 C,MLCC_05,X5R,a1fba7ed-edd3-4704-b4a5-d18e17bff433,2025-09-17,크랙,0.0224
공장 A,MLCC_05,C0G,30eb6852-4a2f-47f4-b9fc-1d499abd2f05,2025-09-27,크랙,0.1955
공장 A,MLCC_05,C0G,dc3f9481-21ee-4ff9-b8a8-ac1ed75da927,2025-09-16,크랙,0.0429
공장 B,MLCC_05,X7R,4254120c-3efd-493e-a994-e7a0f55da535,2025-09-27,전극손상,0.1791
공장 B,MLCC_05,X7R,de29da2f-b87b-43ac-8618-d62c9b084baf,2025-09-17,전극손상,0.0468
공장 B,MLCC_05,X5R,351589e6-547f-49b2-a2a3-e2025a7adf8b,2025-09-27,전극손상,0.1776
공장 B,MLCC_05,X5R,58e2f17b-3e93-4e1c-a73c-8ff95a9f7bf3,2025-09-21,전극손상,0.0166
공장 A,MLCC_05,X5R,d1602d17-c0b3-4da3-bc1c-fd8b705e707b,2025-09-27,크랙,0.174
공장 A,MLCC_05,X5R,9f559a4d-dee0-41be-88ce-70a0cf84c79d,2025-09-17,크랙,0.0494
공장 C,MLCC_05,C0G,9f89e3d8-4742-4cce-a288-c2d231efac3f,2025-09-27,전극손상,0.169
공장 C,MLCC_05,C0G,d9a1f316-3fbe-4e86-b8eb-9800964a2680,2025-09-22,전극손상,0.0488
공장 C,MLCC_05,C0G,1488912b-2839-428f-993a-1a67ac60735c,2025-09-28,크랙,0.1532
공장 C,MLCC_05,C0G,5362c80a-34d6-4776-9e49-dc5d3bb69925,2025-09-22,크랙,0.0115
공장 C,MLCC_05,C0G,26ceade9-7c34-4730-9339-0d837d543f6c,2025-09-27,크랙,0.1528
공장 C,MLCC_05,C0G,a82a739d-b28e-435d-896a-4b4b467608e2,2025-09-17,크랙,0.0446
공장 A,MLCC_05,C0G,523d185c-e1f8-4d39-8d20-d81ee39e3ab5,2025-09-28,크랙,0.1875
공장 A,MLCC_05,C0G,6f960f1f-c092-46d8-8be6-c80e5a2bd4f9,2025-09-23,크랙,0.0465
공장 C,MLCC_05,C0G,b6b410db-e021-4ee7-9e0a-c406bf8ae3b3,2025-09-27,크랙,0.1972
공장 C,MLCC_05,C0G,ba83e8cc-0436-42f0-9327-4e1885ca0a9e,2025-09-20,크랙,0.044
공장 A,MLCC_05,C0G,eba3de6a-efe8-4fc0-8484-95aeb236aaf2,2025-09-27,전극손상,0.1603
공장 A,MLCC_05,C0G,f9b805b3-a7cf-4227-a8f7-6ba18ba3c9b9,2025-09-21,전극손상,0.0201
공장 A,MLCC_05,C0G,cad2ecee-52c9-4743-b0a7-1a405335aa81,2025-09-27,전극손상,0.1614
공장 A,MLCC_05,C0G,7fe028ba-3835-4654-a93d-c6720b93cc6e,2025-09-15,전극손상,0.0369
공장 B,MLCC_05,X7R,de5f51c5-4151-41ee-9155-e422ca6aa485,2025-09-26,전극손상,0.1511
공장 B,MLCC_05,X7R,449030b6-2874-43b8-a5ba-572d0f2644c1,2025-09-22,전극손상,0.0299
공장 B,MLCC_05,X5R,7088f980-75a8-43da-b3a2-a4676ebb745c,2025-09-26,크랙,0.176
공장 B,MLCC_05,X5R,8c0c6eb3-3ddc-465f-91ec-14d9401fb52d,2025-09-24,크랙,0.0441
공장 B,MLCC_05,C0G,f4bc6de0-946a-4cc2-a6eb-e4d087213775,2025-09-26,전극손상,0.1938
공장 B,MLCC_05,C0G,92c2c0bb-ef3f-4a9b-9998-10416fda8ffd,2025-09-21,전극손상,0.0261
공장 C,MLCC_05,X7R,e9de6c80-60dd-49e0-9795-e13d146b7cd7,2025-09-27,크랙,0.1878
공장 C,MLCC_05,X7R,4167fa63-22fd-423a-8880-90e8ef3a29a6,2025-09-19,크랙,0.0348
공장 B,MLCC_05,X7R,160d0cf4-c4f7-4869-962f-6558670f181a,2025-09-26,크랙,0.1952
공장 B,MLCC_05,X7R,d7cc2d87-ad70-4428-9eca-34f873231b80,2025-09-19,크랙,0.0347
공장 B,MLCC_05,X5R,7a659515-2e12-4820-87ce-5715475831bf,2025-09-27,전극손상,0.1795
공장 B,MLCC_05,X5R,8a2dd319-90d8-4dc8-b8fb-aefa73fececc,2025-09-18,전극손상,0.0257
공장 C,MLCC_05,X7R,3948c3f3-de38-46f0-bb0a-35aee583f1b6,2025-09-28,크랙,0.1863
공장 C,MLCC_05,X7R,c5d416bb-5dcd-4251-948f-948c5e255a0e,2025-09-19,크랙,0.0319
공장 A,MLCC_05,X7R,de0e0fe0-7459-4501-a338-d29ddee2071b,2025-09-27,전극손상,0.1649
공장 A,MLCC_05,X7R,2f88f17e-e27d-4520-80cf-d27f441624bf,2025-09-15,전극손상,0.0309
공장 A,MLCC_05,C0G,3cbcc535-35af-4f00-95ed-dceefb3d36e5,2025-09-27,크랙,0.1574
공장 A,MLCC_05,C0G,2c94b2cf-81f4-4de5-ae27-de86fd88b6b6,2025-09-19,크랙,0.0471
공장 B,MLCC_05,C0G,787b801d-e034-4ddd-adcd-8ffd3e5c4215,2025-09-27,전극손상,0.1533
공장 B,MLCC_05,C0G,752be31f-c604-445e-8ec5-bc605562dd4e,2025-09-21,전극손상,0.0118
공장 B,MLCC_05,C0G,79ea58cd-8115-47b1-b218-19f40c511deb,2025-09-27,전극손상,0.1664
공장 B,MLCC_05,C0G,a2e9d1cf-ee73-4c55-a6b4-342b5453532d,2025-09-23,전극손상,0.0353
공장 C,MLCC_05,X7R,f62ef326-e0dd-4730-a1ba-bebf66a95724,2025-09-26,크랙,0.1564
공장 C,MLCC_05,X7R,2f423bc7-6967-43ba-b278-9a448acf1210,2025-09-19,크랙,0.0151
공장 C,MLCC_05,X7R,a3bb362e-2a20-4abf-bb5a-962ec767358d,2025-09-28,전극손상,0.1849
공장 C,MLCC_05,X7R,390a9e5f-2d46-4f09-bcf1-78a85b5ad69b,2025-09-24,전극손상,0.0172
공장 A,MLCC_05,X7R,9880fa11-1d8e-4509-99ca-89a00882fe5d,2025-09-26,전극손상,0.1737
공장 A,MLCC_05,X7R,244f8d23-dab9-42b0-91c9-0da890d33876,2025-09-16,전극손상,0.0367
공장 B,MLCC_05,C0G,56e530af-e471-425e-a70a-0d2dc5497e0f,2025-09-26,전극손상,0.1612
공장 B,MLCC_05,C0G,ce5aaf36-bb5d-42f8-b05d-9fa0828db779,2025-09-20,전극손상,0.0429
공장 B,MLCC_05,X5R,b5fd68e9-1a6e-43f6-8fec-d104621a7aed,2025-09-26,크랙,0.1516
공장 B,MLCC_05,X5R,865bc822-71af-4d17-bc0a-45e1922482cf,2025-09-15,크랙,0.0319
공장 A,MLCC_05,C0G,bbd85254-0182-4d1d-b7cf-b5a3bab554dc,2025-09-26,전극손상,0.1603
공장 A,MLCC_05,C0G,f02d1720-f905-4677-9e63-d083a76d5e8e,2025-09-16,전극손상,0.0246
공장 B,MLCC_05,X5R,351915fe-3952-438b-a343-391a736d3c3e,2025-09-26,크랙,0.1661
공장 B,MLCC_05,X5R,326bd00d-1f5d-41e5-a8ab-fa5bf83f3840,2025-09-21,크랙,0.0137
공장 C,MLCC_05,C0G,6b9a2eef-8106-4000-873a-c8da10ff41d7,2025-09-27,전극손상,0.1541
공장 C,MLCC_05,C0G,abd5cabd-7bc1-4272-a368-6532a2eb643e,2025-09-17,전극손상,0.0449
공장 C,MLCC_05,C0G,c2676923-7d32-42b0-a636-d6e3a7b6fa0b,2025-09-26,크랙,0.1638
공장 C,MLCC_05,C0G,14da090a-85f4-4e0e-9bfd-0ce56c5f51c5,2025-09-17,크랙,0.0422
공장 A,MLCC_05,X7R,030818f1-5751-47ec-aa30-3310e8e38b41,2025-09-27,크랙,0.1993
공장 A,MLCC_05,X7R,2ff3c7c7-8cb7-4f5e-826d-77d5be9e07f5,2025-09-18,크랙,0.0315
공장 B,MLCC_05,X5R,10132b54-4da9-49de-a333-c06f20424b26,2025-09-27,전극손상,0.188
공장 B,MLCC_05,X5R,80d61a83-0e40-4278-8ad6-cde1d5d8aeb8,2025-09-21,전극손상,0.0313
공장 B,MLCC_05,C0G,ac091e2b-18c1-48ab-b3a6-22ea167e551f,2025-09-26,전극손상,0.1518
공장 B,MLCC_05,C0G,694f9ce1-b8c7-44b8-9fea-1b2fe48f402c,2025-09-16,전극손상,0.0201
공장 C,MLCC_05,X7R,c2dce87f-03b3-484d-9a99-e7be7a3807af,2025-09-26,크랙,0.1922
공장 C,MLCC_05,X7R,f9c6d3b7-d6a0-40f8-8c1d-38c6afe8a18e,2025-09-19,크랙,0.04
공장 A,MLCC_05,X5R,b2d878a0-8b21-4f48-8b4f-595c86c331fa,2025-09-27,전극손상,0.1677
공장 A,MLCC_05,X5R,c4fb2706-56b6-471e-92aa-f62144275439,2025-09-15,전극손상,0.0259
공장 A,MLCC_05,X7R,087f3bc0-04dc-4a0a-9c3e-bbc40dfd5201,2025-09-27,크랙,0.1591
공장 A,MLCC_05,X7R,7d5943de-53a6-4c8f-8b7d-f0410937043d,2025-09-18,크랙,0.0326
공장 A,MLCC_05,X7R,f9b3fc7e-88bb-4b15-bd9b-84774e249af9,2025-09-26,전극손상,0.1664
공장 A,MLCC_05,X7R,d08311ce-7aac-4f86-9818-de90b140243a,2025-09-15,전극손상,0.0148
공장 A,MLCC_05,C0G,b003959d-e4ab-4bc3-a176-0239d28b678e,2025-09-27,전극손상,0.1737
공장 A,MLCC_05,C0G,ae20a786-42f6-4e5c-a6c8-c594b21561ca,2025-09-20,전극손상,0.0242
공장 A,MLCC_05,C0G,42bf6efb-32ce-433a-896b-3220a26e712f,2025-09-28,전극손상,0.1543
공장 A,MLCC_05,C0G,af02f407-f684-409e-9cd7-011b71c0c18f,2025-09-22,전극손상,0.0315
공장 B,MLCC_05,X7R,b87710f7-10d9-4a88-9980-e837c20f0db1,2025-09-28,전극손상,0.1793
공장 B,MLCC_05,X7R,0455365c-800c-46ec-a6b6-38504550d15a,2025-09-16,전극손상,0.0326
공장 B,MLCC_05,C0G,39938d72-48bd-4aaf-83b1-64a3cabd506a,2025-09-26,크랙,0.1682
공장 B,MLCC_05,C0G,a6cdfd0a-37ea-42ba-a8ac-76b2a173382c,2025-09-16,크랙,0.0358
공장 B,MLCC_05,X7R,d9fa0020-69ce-4fc6-90ab-e6151b03755d,2025-09-26,전극손상,0.1749
공장 B,MLCC_05,X7R,7daba094-cf49-49e0-b058-5b027c806f95,2025-09-21,전극손상,0.0232
공장 A,MLCC_05,C0G,8151833e-9107-4960-9b58-993aec083e47,2025-09-27,크랙,0.1551
공장 A,MLCC_05,C0G,c7898769-3b53-43dc-a6fc-1ea880956b4d,2025-09-18,크랙,0.0161
공장 C,MLCC_05,X5R,13e4cf5c-2b68-4519-8f72-00671125528a,2025-09-26,크랙,0.1544
공장 C,MLCC_05,X5R,058d4ee4-d2a8-4ff9-ac4b-89b5e0606db1,2025-09-17,크랙,0.0422
공장 C,MLCC_05,C0G,7945c23d-fff9-4f2f-a853-79c7369e1508,2025-09-27,크랙,0.1526
공장 C,MLCC_05,C0G,4c690c8c-61cf-4c70-9482-6f3f0fc4c4a3,2025-09-19,크랙,0.0107
공장 A,MLCC_05,X7R,d1e1f018-8d13-46ac-81c3-81b9eb534577,2025-09-26,전극손상,0.1699
공장 A,MLCC_05,X7R,38b44c10-1933-47dd-ab6a-1d5def8a9a05,2025-09-17,전극손상,0.0488
공장 C,MLCC_05,X5R,a872a34d-b611-42b2-8f19-599565417937,2025-09-28,전극손상,0.1629
공장 C,MLCC_05,X5R,b06364c1-eedd-4cea-bd60-44ce435f0792,2025-09-17,전극손상,0.0168
공장 C,MLCC_05,X5R,19a37807-4309-4088-a86a-02163527ed15,2025-09-27,크랙,0.1859
공장 C,MLCC_05,X5R,f8661c5b-3d2b-4c8f-9012-a59e5cf882b0,2025-09-21,크랙,0.0314
공장 B,MLCC_05,X7R,efec2887-8c52-4df6-943c-cb12d32bb8a4,2025-09-26,크랙,0.1885
공장 B,MLCC_05,X7R,11e95ea8-d363-4a5b-acf3-c0a6fd69dff0,2025-09-17,크랙,0.0175
공장 B,MLCC_05,X7R,e1c258ab-fe21-4b74-8d70-7f76e416ab4e,2025-09-26,전극손상,0.1754
공장 B,MLCC_05,X7R,731d91ad-a5db-49b4-8232-f1645b912001,2025-09-19,전극손상,0.0197
공장 C,MLCC_05,C0G,e8500af0-5632-4909-990c-d3d8480e4c9f,2025-09-28,전극손상,0.1884
공장 C,MLCC_05,C0G,33c481c4-0707-4e93-8c70-ee6426a67398,2025-09-23,전극손상,0.0135
공장 B,MLCC_05,X7R,e6cae0a4-97f1-4ecb-9834-ce76e9394237,2025-09-27,크랙,0.1741
공장 B,MLCC_05,X7R,a5bb7df5-2e07-42b2-a0ad-1e4877bfe3d0,2025-09-20,크랙,0.0313
공장 A,MLCC_05,X5R,e9ca7d0f-00ba-4521-a181-71cb18025dce,2025-09-26,전극손상,0.1727
공장 A,MLCC_05,X5R,d5f8dec9-a91c-41b6-b3e1-17647ffa6f31,2025-09-20,전극손상,0.0319
공장 B,MLCC_05,X5R,175eda65-bdea-4272-9841-1931ccfb8082,2025-09-26,크랙,0.1842
공장 B,MLCC_05,X5R,bdc0aa60-6a31-487e-ba42-f80e7e975551,2025-09-16,크랙,0.0135
공장 C,MLCC_05,C0G,40c86214-a239-4410-9f8f-0e8a11e7cdab,2025-09-26,크랙,0.188
공장 C,MLCC_05,C0G,b24c04d9-7dd9-4480-a726-979e8fca148b,2025-09-23,크랙,0.0338
공장 B,MLCC_05,X7R,090b68f2-0e16-4f52-b812-845c9525c88e,2025-09-27,크랙,0.1674
공장 B,MLCC_05,X7R,9149443f-748f-4c5c-ac46-38b45225e3f3,2025-09-16,크랙,0.0472
공장 B,MLCC_05,X5R,a69e01ad-1286-481f-a1a2-d191b221d4cb,2025-09-28,전극손상,0.1966
공장 B,MLCC_05,X5R,7d042242-ac7c-421d-b048-e3e24f865265,2025-09-15,전극손상,0.0496
공장 B,MLCC_05,X7R,c07b2c52-b253-478c-90c1-a04b49a60359,2025-09-26,크랙,0.1963
공장 B,MLCC_05,X7R,2b03f52a-00b1-4103-98a2-89319410cd87,2025-09-21,크랙,0.0389
공장 A,MLCC_05,X7R,bcf9354b-5e3c-42e2-bfc1-44a1afbfc75f,2025-09-27,크랙,0.1875
공장 A,MLCC_05,X7R,2386f1f4-2313-436d-b63f-bb85d9aeb61e,2025-09-22,크랙,0.042
공장 C,MLCC_05,C0G,da3fdf59-3baa-46cd-8669-f3fb3b3d6b91,2025-09-27,크랙,0.1907
공장 C,MLCC_05,C0G,c8dd85e5-01b9-4299-b7a8-a4480323b10b,2025-09-18,크랙,0.0366
공장 B,MLCC_05,X5R,18249e1e-1bf0-4f39-9f36-3b0f6a5272df,2025-09-26,전극손상,0.1658
공장 B,MLCC_05,X5R,ec6cad25-68d2-478b-a879-95ea4fe1de64,2025-09-18,전극손상,0.0335
공장 B,MLCC_05,X7R,af099650-7638-4658-91d7-3d88712225ca,2025-09-27,전극손상,0.1688
공장 B,MLCC_05,X7R,77d11147-01d0-4380-b008-e84fd8e7ac31,2025-09-20,전극손상,0.0285
공장 B,MLCC_05,C0G,28eb7904-181f-4c38-bd69-f6ad74784f2c,2025-09-27,크랙,0.1719
공장 B,MLCC_05,C0G,127a240f-791f-49e8-bbf1-2c2fb1e1c8a5,2025-09-23,크랙,0.0331
공장 A,MLCC_05,C0G,7ca44f58-7310-4b24-b9c2-a3ecb20c8acd,2025-09-26,크랙,0.1692
공장 A,MLCC_05,C0G,721790c0-8e00-4792-a1ff-611553cd9d01,2025-09-22,크랙,0.0317
공장 C,MLCC_05,X7R,d54aa759-f5e0-461a-80f2-961444419de3,2025-09-27,크랙,0.1716
공장 C,MLCC_05,X7R,7bb7a2d4-bf52-4d02-b9f9-2a5437884980,2025-09-22,크랙,0.0233
공장 C,MLCC_05,X5R,24546f95-9d8b-4b1e-a275-fea2d2ee5649,2025-09-28,전극손상,0.1583
공장 C,MLCC_05,X5R,ea22b7a5-1daa-4626-a692-538ec9ccf1fd,2025-09-21,전극손상,0.0451
공장 A,MLCC_05,X5R,ef535746-15e0-4aeb-89f3-0143e6090d0f,2025-09-26,크랙,0.1787
공장 A,MLCC_05,X5R,5e464078-6d11-4ebb-b5ef-843cb213a8fc,2025-09-21,크랙,0.0499
공장 A,MLCC_05,C0G,0914e977-0eae-4c93-b9a0-ccc7afd1a869,2025-09-27,크랙,0.1624
공장 A,MLCC_05,C0G,5019b239-e1d2-43c7-8e94-ce99f05a49c9,2025-09-23,크랙,0.0398
공장 B,MLCC_04,X5R,38760bc4-a63f-473b-8433-dc65a0986312,2025-08-28,크랙,0.0252
공장 A,MLCC_10,X5R,9e1303e6-b826-4bde-8a57-b4f3c4a00050,2025-08-19,전극손상,0.0064
공장 A,MLCC_04,X7R,4269a7c3-be35-478f-b485-3792c7fc9aea,2025-09-08,전극손상,0.0275
공장 A,MLCC_04,X5R,f9ad6a2d-1820-4e3d-9366-ee944d5c6dd8,2025-09-21,치핑,0.0324
공장 B,MLCC_03,X7R,5ed404a9-ddba-4cf6-8797-24d4d5c143fc,2025-09-17,치핑,0.0179
공장 B,MLCC_10,X5R,f0461196-3658-4f0c-840a-bef6ad21f79a,2025-09-24,크랙,0.0474
공장 A,MLCC_10,X5R,737967ac-e305-4cb7-9973-f5d32c927b2b,2025-09-16,크랙,0.031
공장 C,MLCC_08,C0G,352cd7fd-4ee4-4416-8836-805bfcde1b17,2025-09-22,전극손상,0.0357
공장 A,MLCC_10,X7R,7040e3a0-a0d6-4beb-abde-b21662fe7da6,2025-09-03,크랙,0.0044
공장 A,MLCC_03,X5R,054657dc-bdfb-48d7-ab9b-1c35b82c9663,2025-09-10,단락,0.0464
공장 A,MLCC_07,X5R,a0f52148-50fc-422f-b379-59fd90ed099a,2025-08-17,전극손상,0.0493
공장 B,MLCC_04,X7R,7a4d2900-e65b-45f8-a78a-d7cf5b6bf0c1,2025-08-31,단락,0.0173
공장 C,MLCC_06,X7R,fe5dac7e-b524-4491-95ec-6eb3a2f018a7,2025-09-16,전극손상,0.0196
공장 A,MLCC_05,X5R,e0b29796-b7ba-42c1-96ce-c48f49259e1d,2025-08-22,박리,0.0396
공장 A,MLCC_10,X7R,a54628fb-99dc-4f6c-b337-49860d1db626,2025-09-19,박리,0.0273
공장 B,MLCC_06,X7R,49274b0f-44e8-480f-8967-c1fa448b0d51,2025-08-17,크랙,0.0246
공장 C,MLCC_01,X7R,56336c2f-ed94-4dcf-9663-985d5c2c4839,2025-09-17,박리,0.0457
공장 A,MLCC_06,X7R,918883c1-110b-4135-8f7e-daabba025362,2025-08-24,박리,0.0215
공장 A,MLCC_08,C0G,7cb56a4b-ed66-401d-aa17-44fdaf019ffa,2025-09-02,전극손상,0.0294
공장 B,MLCC_06,X5R,3d5d9bd8-b115-4c49-bf48-737bad209a89,2025-09-05,전극손상,0.0262
공장 A,MLCC_01,C0G,e745cd37-6a95-4e2a-85a6-f6c1bbefbedb,2025-08-27,박리,0.0213
공장 A,MLCC_08,X7R,852325ab-9c9b-40cc-99e9-5334242f7a4a,2025-09-04,단락,0.0162
공장 C,MLCC_07,X7R,38c2c241-8a85-4c46-bb5f-c5f3fb86a8ad,2025-09-08,치핑,0.0181
공장 A,MLCC_01,C0G,35334a85-ae55-4461-b113-4e7323d380f7,2025-09-05,치핑,0.0042
공장 C,MLCC_03,X5R,0e4cf694-a14b-4045-9ef1-8fd618773a04,2025-09-28,크랙,0.0272
공장 B,MLCC_01,X5R,8fc8bc56-3a2e-4d25-b199-0a1c6ecc0320,2025-09-01,치핑,0.0086
공장 A,MLCC_01,X7R,bd3ff06c-c84f-4d89-82aa-95cbb1c02d97,2025-08-20,치핑,0.0193
공장 C,MLCC_10,X5R,b43956f1-c177-4e06-a137-7f5b93d6b6f5,2025-09-19,크랙,0.021
공장 C,MLCC_07,X5R,ef6d0400-cdc5-4946-ac68-93cc2956b26a,2025-09-28,전극손상,0.021
공장 C,MLCC_09,X7R,10efe558-1ab4-4781-a59b-82ad48d2e1f2,2025-09-09,치핑,0.0258
공장 B,MLCC_08,C0G,11471140-fca6-4c53-a493-e88aedca58d7,2025-09-25,전극손상,0.0097
공장 C,MLCC_01,X5R,7b9df40e-bb86-4b17-9dc4-aff5652c7d79,2025-09-14,치핑,0.0129
공장 B,MLCC_08,X7R,2777216d-d46f-4bfa-9cc7-c4ce985b7e17,2025-08-27,박리,0.0473
공장 A,MLCC_06,X5R,5b778eb4-e515-4b66-ac01-2dacf89deb19,2025-09-11,크랙,0.0016
공장 A,MLCC_07,X7R,9339ef50-0e78-47db-b7ae-a295a77c6afe,2025-08-23,전극손상,0.0023
공장 A,MLCC_03,X5R,2b1a2fe1-754e-4e2e-a8e6-2df2d36270c3,2025-08-29,크랙,0.0456
공장 C,MLCC_05,X5R,e9d75259-8b05-4ad4-8404-6a758e4dcf8f,2025-09-15,크랙,0.0188
공장 A,MLCC_07,C0G,e868e758-1352-4500-8f08-4b313e2c6d28,2025-09-13,단락,0.0224
공장 B,MLCC_03,X5R,67de1ab5-ac1a-496e-95a9-e1429b308c54,2025-09-20,박리,0.0079
공장 B,MLCC_10,X7R,7e171f08-53f2-45fe-b062-b9f30c859b4d,2025-09-02,단락,0.0248
공장 B,MLCC_01,C0G,de271580-1156-4139-a9b7-030b22aaafbb,2025-09-04,크랙,0.032
공장 A,MLCC_07,X5R,bd360745-faa2-45b7-b668-157dfe3b9851,2025-09-24,치핑,0.0217
공장 B,MLCC_10,C0G,6119e3e0-224b-4f4f-b6b8-8f59ec9e0501,2025-08-26,전극손상,0.0349
공장 C,MLCC_05,X5R,654e9560-ffa0-4baa-99de-fe5e00588cd6,2025-08-28,크랙,0.027
공장 A,MLCC_10,X5R,bbc7ac1c-a60c-4701-9d60-3e5348f0858d,2025-09-01,크랙,0.0282
공장 B,MLCC_09,X5R,ad01b96e-2723-4fcc-ae79-0db649a0d3c9,2025-08-17,박리,0.0111
공장 B,MLCC_10,C0G,8dd6387d-acd5-4ef5-97e0-23da5301121e,2025-09-20,치핑,0.0451
공장 C,MLCC_06,X5R,15a92f65-aa11-4fb0-99ac-c0c4e118a82a,2025-08-19,박리,0.032
공장 C,MLCC_05,X5R,d117b372-336d-4bb3-86c4-b334dcb076b9,2025-08-25,전극손상,0.0421
공장 B,MLCC_05,X5R,93113417-e4de-4e0f-8471-cb089c41b012,2025-09-22,크랙,0.0091
공장 C,MLCC_01,C0G,3da64aca-070c-403a-a863-423a7b30ffef,2025-09-24,박리,0.0388
공장 C,MLCC_05,X7R,f4ac381b-18c2-42df-a5f9-53a5abafb253,2025-08-27,박리,0.0362
공장 C,MLCC_07,X5R,5dcb6d64-c830-4914-8d9a-78e8f11eb0b3,2025-08-28,크랙,0.0204
공장 B,MLCC_08,X5R,46ba8ae2-9c42-40b2-a366-3fb488829b0e,2025-08-29,전극손상,0.0247
공장 C,MLCC_10,X7R,335aae03-3adb-46ea-af18-f2fdb6a037bf,2025-08-28,치핑,0.0422
공장 B,MLCC_01,X7R,dcf7fdc5-6614-4c3b-8aa4-35c3061b981e,2025-09-19,전극손상,0.0086
공장 B,MLCC_09,X5R,8684c335-9701-4cc6-9a2a-d059bcde5fca,2025-08-31,전극손상,0.0179
공장 A,MLCC_08,C0G,914f318d-4a45-4784-960f-8a0d0f987700,2025-09-16,단락,0.0355
공장 B,MLCC_08,C0G,06c8e074-1fac-4df2-a06c-8a2204d26b92,2025-09-27,치핑,0.0411
공장 C,MLCC_05,X5R,0cf9e206-5a81-4eb5-885c-1a1675920c16,2025-08-30,크랙,0.0061
공장 C,MLCC_05,X7R,b671c4f1-efaf-42c0-80a8-4b8a663ddf1a,2025-08-17,단락,0.0077
공장 A,MLCC_10,X7R,7c47029f-8f31-4354-bee2-d62df7f85fd8,2025-08-27,단락,0.0101
공장 C,MLCC_08,X7R,a117f29d-e6ed-4620-91a6-9e9995abcd39,2025-09-28,전극손상,0.0382
공장 B,MLCC_05,X5R,7303bb79-8425-4157-9836-34de7ac23973,2025-09-14,단락,0.0453
공장 A,MLCC_10,C0G,7cd85b5e-5630-4953-a410-eea07e0bccdd,2025-09-20,크랙,0.0029
공장 C,MLCC_10,C0G,bdd6668c-1c93-4daa-a495-1e7958bc0f9d,2025-08-21,크랙,0.0288
공장 C,MLCC_10,X5R,458affe6-da37-4ee2-a8aa-8be65892fe87,2025-09-04,전극손상,0.0368
공장 B,MLCC_03,X7R,2d9c3024-a124-4ed5-8989-d4a4181cd9b6,2025-08-19,전극손상,0.0242
공장 C,MLCC_04,X7R,5bb74282-36f3-4fa0-a059-6b51802cc583,2025-09-03,크랙,0.0266
공장 A,MLCC_07,X5R,7578b732-f561-4097-956a-92aa6f57223c,2025-09-15,치핑,0.0285
공장 C,MLCC_02,C0G,0d74543d-5248-44ca-b485-c72a8c6f464d,2025-09-26,치핑,0.0177
공장 C,MLCC_07,X7R,e233cda8-54cb-442e-8977-5563dafb2be0,2025-08-28,단락,0.0274
공장 A,MLCC_06,C0G,dd239383-7df6-474e-8420-dcc338a1fd9d,2025-08-24,크랙,0.0265
공장 B,MLCC_10,X5R,999927c1-42de-4b0b-b46e-fbead7e97300,2025-09-08,치핑,0.0436
공장 A,MLCC_07,C0G,dae54ea1-471e-414d-aa42-685598250577,2025-09-01,크랙,0.047
공장 C,MLCC_03,X7R,9b423f69-4199-4c46-a559-59db03de13ac,2025-08-26,박리,0.0036
공장 A,MLCC_01,X5R,ec3df650-66d8-4467-8dbc-65c5512fb30e,2025-08-21,전극손상,0.0245
공장 C,MLCC_08,C0G,df57fe17-6fa0-4089-a5b8-ff69064988eb,2025-08-17,크랙,0.0055
공장 A,MLCC_07,C0G,b194ce42-8057-4f59-b7ed-059ab1ba67ae,2025-09-08,단락,0.0064
공장 B,MLCC_08,X5R,d4f2d8cc-f718-4d13-9838-399f9f847bce,2025-09-10,박리,0.0361
공장 A,MLCC_05,C0G,40fd6ba9-976c-4881-b5b9-adfadf2bec5a,2025-08-24,전극손상,0.0494
공장 C,MLCC_09,C0G,226eb883-3e75-4ce6-8000-77b800a46b89,2025-09-18,단락,0.0343
공장 A,MLCC_10,C0G,e8024242-dedf-42ef-9c74-69e43c7169bb,2025-08-31,전극손상,0.0054
공장 C,MLCC_06,X7R,cc8dde7b-8452-4441-8fc9-e0c1d9ca19a1,2025-09-03,치핑,0.0453
공장 A,MLCC_02,X7R,12e66aa9-9825-43f5-9603-d1f1b84b4911,2025-09-21,박리,0.0042
공장 A,MLCC_08,X7R,6db11c3d-003d-4384-a979-f5944847cfd1,2025-09-17,전극손상,0.0417
공장 C,MLCC_10,X5R,9380e4d0-9fac-4d24-b432-59ee80c4dda5,2025-08-20,단락,0.0118
공장 B,MLCC_01,X7R,cb4f967e-afba-46e6-bed0-250cc5e18cce,2025-09-27,전극손상,0.0038
공장 A,MLCC_07,C0G,1808ae8f-9fdc-4ebe-adb4-82a8d06bad5a,2025-08-27,치핑,0.0303
공장 A,MLCC_01,X7R,194c90d7-7028-4e82-ae96-e0bda40ab4b4,2025-08-30,크랙,0.0262
공장 B,MLCC_02,C0G,149317a6-14d2-4f1f-a11a-66b565ec5278,2025-09-01,치핑,0.041
공장 A,MLCC_06,C0G,72af83b7-11aa-47cb-bf08-4ab695af7b5c,2025-09-13,단락,0.0301
공장 B,MLCC_05,X7R,c6a69dc4-27d1-4ea3-80de-0d25985f19e6,2025-09-05,단락,0.0202
공장 C,MLCC_09,C0G,20c864d0-eac4-49eb-9440-759eae019ef7,2025-09-20,크랙,0.0432
공장 C,MLCC_09,C0G,98238d15-5cf7-44ce-af59-27137629ea3f,2025-08-20,전극손상,0.037
공장 C,MLCC_02,X5R,4f8cea79-0ec4-46b8-b76f-10d6d240e089,2025-09-22,치핑,0.0364
공장 B,MLCC_10,X5R,ae2ea493-728a-437a-8d79-56dbdf374469,2025-08-26,전극손상,0.0118
공장 A,MLCC_05,C0G,6f8c32a6-95c2-4f8b-bab1-2de018404c8b,2025-09-08,크랙,0.0253
공장 B,MLCC_03,X7R,cf612a76-d960-47f2-8430-f102ae090945,2025-09-10,크랙,0.0276
공장 B,MLCC_01,X7R,9b214f4a-5a96-4ff2-8a7f-0973b1ae1591,2025-08-20,박리,0.0427
공장 A,MLCC_09,X7R,1ea643bf-c05c-433a-907d-1f0f59331c6a,2025-09-19,전극손상,0.0352
공장 C,MLCC_10,X7R,89451429-f0b1-44bc-90c3-1b4465218aac,2025-09-09,박리,0.0088
공장 A,MLCC_10,X7R,3a582d36-5a8c-4b60-a6ac-bc1f71db7347,2025-08-24,크랙,0.0073
공장 B,MLCC_05,X7R,0db40ef8-db54-4e0d-97d1-d7707e55fc7a,2025-08-25,크랙,0.0411
공장 B,MLCC_07,C0G,59d7a726-5ce2-4ce4-93db-f39e9d35c656,2025-09-24,치핑,0.0491
공장 C,MLCC_01,X5R,5ec8bf7c-a247-4274-ba32-48d3f35d3448,2025-08-19,박리,0.0014
공장 B,MLCC_03,X7R,95cae9da-fab0-4647-a4f7-08c1f96fb9a4,2025-09-11,크랙,0.0222
공장 C,MLCC_02,X7R,e4e7a628-7c2f-462c-ab10-f72fb1dd1e71,2025-08-20,전극손상,0.006
공장 B,MLCC_04,X7R,9229b494-8eca-4ed4-a5f8-d38504c568b5,2025-09-26,단락,0.0388
공장 B,MLCC_01,X5R,393b0433-7f79-452c-8b1e-ab437f77062b,2025-09-09,단락,0.0038
공장 C,MLCC_08,X5R,657f946b-0543-4924-a87a-a3f08d3ae811,2025-09-18,크랙,0.0495
공장 C,MLCC_04,X7R,b41300b1-7383-4180-a8ee-750f8fb32c03,2025-08-22,박리,0.0382
공장 A,MLCC_07,X7R,393c0229-bade-4d14-8b5d-b81544e4b17e,2025-09-15,단락,0.0169
공장 C,MLCC_03,X5R,56347bd5-65ca-492c-a992-1f88452436a2,2025-09-07,크랙,0.0088
공장 A,MLCC_02,C0G,e33b0b08-bd33-41c4-b1ef-42626708b8a3,2025-09-19,치핑,0.0231
공장 C,MLCC_07,X7R,ec2c4334-418c-49b6-82cb-f5107ddfa931,2025-09-06,전극손상,0.035
공장 B,MLCC_04,X7R,ede44254-4127-42bd-9a04-20f3feaddca4,2025-08-29,박리,0.0331
공장 A,MLCC_03,X5R,e2c2101e-2cd3-4a56-b712-d2be30c1fee8,2025-09-04,박리,0.0025
공장 C,MLCC_05,C0G,a81c85dc-6dc3-4868-8914-471b5d2a5ca7,2025-09-11,치핑,0.0483
공장 A,MLCC_03,C0G,a36126ab-5ff8-400f-b648-97bc0f89da3e,2025-09-08,치핑,0.0163
공장 B,MLCC_10,X7R,aec0b29d-c501-4f0e-94f1-4d4c4a4e83e3,2025-08-29,크랙,0.0114
공장 A,MLCC_01,X5R,b6fec8c5-b7c0-43c3-9125-dd0b0cac27c5,2025-09-19,박리,0.0242
공장 B,MLCC_08,C0G,cd4b6ed6-3481-4976-b779-4d30685bb370,2025-08-29,단락,0.0055
공장 C,MLCC_08,X7R,e557c02a-ade3-4979-8da3-394e16d36086,2025-08-25,크랙,0.0383
공장 A,MLCC_03,C0G,eb7c9595-222c-444a-b242-47cc7f0b7e75,2025-09-21,박리,0.0484
공장 B,MLCC_04,X7R,69a5275f-6b95-4e9f-9813-147a7c96098b,2025-09-25,단락,0.0011
공장 A,MLCC_07,X5R,7057ebee-331b-49ae-a63a-27fa12d980ed,2025-09-09,박리,0.0131
공장 B,MLCC_09,C0G,d2eea721-41a0-4cf6-9115-66abe1530fa1,2025-09-08,박리,0.0041
공장 A,MLCC_06,C0G,7a393602-4178-4ad9-822e-0fde5f9a0e6a,2025-09-05,크랙,0.0401
공장 A,MLCC_01,X5R,9f5d7d0f-79ce-48d4-9bb6-7ca388305b16,2025-09-26,크랙,0.0245
공장 C,MLCC_06,C0G,11bc16e0-061e-4bce-8072-ecead93aca72,2025-09-02,단락,0.0431
공장 A,MLCC_06,X7R,c52d616f-aead-40aa-8e3b-90ecf4340baa,2025-08-17,치핑,0.0061
공장 A,MLCC_01,X5R,735b42a0-b57b-4d40-be98-69809c59310e,2025-08-23,박리,0.0354
공장 B,MLCC_10,C0G,873119ff-f0ef-4321-928a-f834bdb13ca9,2025-09-09,크랙,0.0272
공장 A,MLCC_09,X5R,c3e5731e-f10f-45f8-ae95-2071650864f9,2025-08-26,단락,0.0414
공장 B,MLCC_10,X7R,84308d42-ee15-4ba7-80e7-763ea573be3d,2025-08-20,크랙,0.0489
공장 B,MLCC_10,X5R,45e0f544-817f-4ab2-bacb-96d755acb7d7,2025-09-01,크랙,0.0413
공장 C,MLCC_10,C0G,3a0ee149-9351-4cc8-8a7a-86459b0ce71e,2025-09-13,치핑,0.0071
공장 A,MLCC_06,X5R,d06f1bcc-55f2-46ba-89ae-114115ec4f0c,2025-09-26,단락,0.0035
공장 B,MLCC_09,X5R,fc580776-74d2-43ee-ad2b-5f2a6281243f,2025-09-21,박리,0.0403
공장 C,MLCC_07,X5R,0be632dd-d7e6-4097-b8bd-a59569bea068,2025-09-02,크랙,0.0394
공장 C,MLCC_03,C0G,45ca7413-c450-422d-bdab-3231a4712bbb,2025-08-27,박리,0.0368
공장 B,MLCC_02,X7R,afb864a0-8b4e-4c99-bd74-137acdff3748,2025-09-18,박리,0.0088
공장 B,MLCC_03,X7R,ee012e7a-624d-4d2d-a808-44bc10b6a813,2025-09-11,박리,0.0375
공장 A,MLCC_07,X7R,941ec8b7-b8b1-499d-83b6-7b596d5c4e2d,2025-09-26,치핑,0.0089
공장 B,MLCC_06,X7R,9fcedfd8-987a-41f4-825c-be80fab1463b,2025-08-17,전극손상,0.0498
공장 C,MLCC_09,X7R,d6c53bc4-f4dc-4bcc-9741-b8b1b3158568,2025-09-13,박리,0.0108
공장 A,MLCC_03,C0G,80c824d6-3cff-4d4d-8edd-248d0e1533f8,2025-08-18,단락,0.0422
공장 B,MLCC_01,C0G,e4096512-4058-4f6b-9ff3-bd9cbf56e818,2025-08-20,크랙,0.0374
공장 A,MLCC_04,X5R,ad16918f-b8aa-4a96-aa80-2f8c2ff38016,2025-09-02,박리,0.0257
공장 A,MLCC_02,X7R,d0d9827b-e98c-4ee9-a5e4-58ccb5978fc8,2025-09-14,단락,0.0225
공장 B,MLCC_05,X5R,17f3e5de-f422-4588-bbe6-5999d9c8d1c9,2025-08-19,크랙,0.0399
공장 B,MLCC_07,X7R,26c81753-2327-4d05-9ed9-ac8287018f01,2025-09-22,치핑,0.0149
공장 A,MLCC_03,X5R,7cc72681-dcfb-49f4-b0ff-f8adf7cb8c8f,2025-08-25,전극손상,0.0369
공장 B,MLCC_03,X5R,618e7d4a-87a8-4c4e-ab4b-cb7e0ddd8f4c,2025-08-29,크랙,0.0126
공장 C,MLCC_02,C0G,6dc07f23-b284-460e-886b-ad61055b2e92,2025-09-09,전극손상,0.0044
공장 B,MLCC_09,X5R,205bcbea-fb65-4db8-9822-bb6e7d317703,2025-09-18,박리,0.0208
공장 C,MLCC_08,C0G,470ac140-106d-42ea-a70d-665168cbff03,2025-08-25,박리,0.0301
공장 A,MLCC_06,X7R,7914d5bc-3e96-4e31-9f5c-c81554047e93,2025-08-27,단락,0.0485
공장 C,MLCC_02,C0G,029eec22-df25-4dc9-935c-df9b0724afab,2025-09-16,전극손상,0.0169
공장 A,MLCC_08,X7R,e957ed4a-8dfc-4bf8-8ec9-ad02b79445b7,2025-09-08,치핑,0.0443
공장 B,MLCC_06,X5R,561eedf6-334c-47ea-98fd-2544dc3cb455,2025-09-07,전극손상,0.0175
공장 A,MLCC_09,C0G,e3434f26-3c3e-4861-bf3f-29f7d86eca18,2025-09-19,박리,0.0298
공장 A,MLCC_01,X5R,8155214f-f73d-4a0b-94ae-4ee551fb2d1c,2025-09-26,박리,0.0196
공장 C,MLCC_05,C0G,b96f1590-2c5a-420e-907f-3e82b8ce78a4,2025-08-27,박리,0.0243
공장 C,MLCC_01,X7R,adfabc3f-8463-4b58-98f8-aae5ebee90b8,2025-09-11,박리,0.0275
공장 B,MLCC_04,X5R,d76454ab-2b79-405d-be6c-f340d1c83802,2025-09-15,크랙,0.007
공장 B,MLCC_05,C0G,53732372-d753-4685-abb5-b098ad208c37,2025-09-08,단락,0.007
공장 A,MLCC_06,C0G,a4ff4ada-0752-49ef-ab52-9693931fb759,2025-08-25,치핑,0.0165
공장 C,MLCC_01,X5R,1bbccea9-2f65-4cac-91a7-b6e84459193b,2025-09-25,박리,0.0083
공장 B,MLCC_05,X7R,19e77240-d4bd-4acf-9664-fead615c2fb1,2025-08-17,치핑,0.0019
공장 B,MLCC_09,C0G,69bafb5c-a6cb-41e6-a420-236023f6e6a6,2025-08-22,단락,0.0294
공장 C,MLCC_08,X7R,48bba7dc-b46a-4d55-8948-8230aeda6739,2025-09-04,크랙,0.0178
공장 C,MLCC_06,X5R,f6a446a3-2ac4-4aae-95f8-592b8ae1f029,2025-08-24,전극손상,0.008
공장 B,MLCC_02,X7R,817a4672-1fde-4be4-b1d0-a34d33f9adee,2025-09-25,크랙,0.0102
공장 A,MLCC_07,X5R,f14ffcaf-5890-4f32-a440-8f25d59c4633,2025-09-08,전극손상,0.0482
공장 A,MLCC_02,X7R,69d8c8d5-19a9-4046-955a-d13676def67d,2025-09-16,크랙,0.0193
공장 B,MLCC_02,C0G,6c749280-402a-4d22-a638-9ce6ec2bf4e8,2025-09-09,크랙,0.0436
공장 A,MLCC_08,X7R,0e449fca-8e62-4db0-abab-44c9e224a61e,2025-08-28,단락,0.0348
공장 A,MLCC_01,X7R,ce05607b-8190-46cb-b245-c79795e9a2ad,2025-09-17,전극손상,0.0337
공장 B,MLCC_09,X5R,54f81c46-6b29-4052-ac87-8a07c95706d4,2025-09-22,박리,0.0088
공장 C,MLCC_06,C0G,ebf2282a-3123-4433-8a5e-ff4a56b10895,2025-09-20,단락,0.0209
공장 A,MLCC_09,C0G,faf56e24-1834-4801-b18a-cf910540ff3f,2025-08-29,단락,0.0063
공장 A,MLCC_02,X5R,f12ade9a-4938-4047-9fa4-d668ed728a28,2025-09-28,박리,0.0337
공장 B,MLCC_06,X5R,b30ca347-8eae-4a4a-bc7b-1297c0cb1147,2025-08-22,전극손상,0.0401
공장 A,MLCC_03,X7R,9d83ccf5-5db9-4c76-be03-98e5aaa791e4,2025-09-01,단락,0.0069
공장 C,MLCC_06,C0G,ff897c80-9c80-47d2-b49d-dd1f26511821,2025-09-20,전극손상,0.0169
공장 C,MLCC_10,X7R,74026b4a-d37c-493d-9df6-767ac3e1d4c5,2025-09-28,전극손상,0.0196
공장 A,MLCC_09,C0G,02b34f9e-a9f8-4a88-85b7-3f901f219f9a,2025-09-14,단락,0.0228
공장 B,MLCC_06,X7R,ba8e30a4-fb42-42a7-99e7-386b99d8f84c,2025-08-22,치핑,0.0093
공장 B,MLCC_10,X5R,5d467b64-096d-44eb-981f-5a71a8785269,2025-09-07,단락,0.0196
공장 B,MLCC_10,X5R,868a1005-5750-4209-ab5a-eea774a6e8a4,2025-09-12,박리,0.0023
공장 A,MLCC_10,C0G,45b1c9fb-a06e-463a-af61-0b033f38d004,2025-09-02,크랙,0.0268
공장 C,MLCC_04,X7R,29f8c033-fef7-4494-9881-e7f897c9e977,2025-08-24,크랙,0.0361
공장 C,MLCC_05,X7R,ddca95ca-f3b0-42dd-bdb8-98dfc5d2e2b9,2025-08-21,전극손상,0.045
공장 C,MLCC_09,X7R,bc06bb81-ae03-4647-9636-c11e18e1c303,2025-08-25,박리,0.0468
공장 C,MLCC_06,X5R,d9ceeedb-7050-4ef4-b893-86f8dd48906d,2025-08-20,전극손상,0.0313
공장 B,MLCC_05,X7R,152bef7c-b078-4488-be72-02711c6f416b,2025-09-11,전극손상,0.0403
공장 B,MLCC_03,X5R,4cf8b431-6145-420a-8125-df10e8bf0b30,2025-09-26,크랙,0.0206
공장 B,MLCC_04,C0G,d392e507-45f0-4460-8d91-af3ef7c34002,2025-08-24,치핑,0.007
공장 C,MLCC_10,C0G,22b939f1-de45-420d-82e9-6dfb4e34d29a,2025-09-18,단락,0.0288
공장 B,MLCC_10,X7R,a97c693f-4f5a-4010-ac78-4f22c051af64,2025-09-14,단락,0.0193
공장 C,MLCC_10,X7R,cc648726-6211-4ad3-92b0-67c6feee20bf,2025-08-18,전극손상,0.0305
공장 A,MLCC_06,X5R,428a9076-6f4d-4040-90e8-acac8b1b4e72,2025-08-19,박리,0.0122
공장 C,MLCC_09,X5R,e513b1e5-261e-40f3-9ae3-4594365aa6f8,2025-09-20,크랙,0.0187
공장 A,MLCC_10,X5R,1d5bafc6-ebca-40db-9570-c27a209bf7a5,2025-09-28,치핑,0.0392
공장 C,MLCC_02,X7R,f2f16c63-fe19-42f4-a4db-7201c7b6c049,2025-09-25,크랙,0.0407
공장 B,MLCC_03,C0G,b55b2f17-923f-4b0a-9736-3d3355093342,2025-09-23,크랙,0.0085
공장 C,MLCC_01,X5R,d3d13802-c3fb-4405-a811-3013c8aceb01,2025-09-01,단락,0.0116
공장 B,MLCC_01,C0G,c48f08f6-6b21-4bc5-b96f-6898a8f8fd9b,2025-09-27,치핑,0.0307
공장 A,MLCC_10,X5R,e4e10369-771f-4583-8eb0-e0ee8800791c,2025-08-26,전극손상,0.0301
공장 B,MLCC_09,X7R,28bee718-f9e0-405b-ae31-ded4324e4e20,2025-08-26,전극손상,0.0341
공장 B,MLCC_10,C0G,d101d65d-47d9-4182-9120-d512f8e2ed9a,2025-09-17,단락,0.0349
공장 B,MLCC_07,X7R,27daec6d-e658-4374-9e8e-7163134d34b5,2025-08-24,박리,0.0365
공장 C,MLCC_10,C0G,d1a6538b-a635-4dc4-95a4-668883ac32cb,2025-09-16,박리,0.0052
공장 C,MLCC_01,C0G,51d610a9-222b-4dc2-80a2-e2a66a785bfb,2025-09-18,단락,0.0121
공장 C,MLCC_09,C0G,a9d09ccb-7e70-4eeb-850a-3860d1da904c,2025-08-21,단락,0.0418
공장 C,MLCC_05,C0G,48ca9ae4-adcc-4ecc-9f13-f228dddfd55d,2025-09-07,크랙,0.0343
공장 C,MLCC_10,X5R,9e7fff52-5505-49e7-98f0-9e85295f1931,2025-08-26,크랙,0.0497
공장 B,MLCC_02,C0G,57d8e545-b991-441e-a456-576a8b607d52,2025-09-18,치핑,0.0368
공장 B,MLCC_04,X5R,fa4d7fbc-4fcb-4efc-9feb-cc59d393cea8,2025-08-23,박리,0.0481
공장 C,MLCC_09,X5R,eaa0657b-66bf-400b-9cb2-0d42f1bd5dba,2025-08-21,단락,0.0413
공장 C,MLCC_01,X5R,70d645ec-bc38-40fa-8fd6-7cac39c65b59,2025-09-05,전극손상,0.0069
공장 B,MLCC_03,C0G,4e7ba9a1-fe04-42d1-931e-245db5474a82,2025-08-26,박리,0.0464
공장 A,MLCC_01,X5R,4cbaf197-fec5-4122-8fcd-578d35d2f457,2025-08-31,전극손상,0.0056
공장 B,MLCC_06,X7R,f404e10c-c5a3-4d9b-86c4-a70a4fbf6c15,2025-09-08,단락,0.0308
공장 B,MLCC_06,C0G,3110d0c5-d621-4efa-9c25-0fd455ec9f0a,2025-09-10,박리,0.0159
공장 A,MLCC_02,X5R,5d499e71-b886-4e94-81cf-8407ac9730f9,2025-09-07,단락,0.0053
공장 A,MLCC_09,C0G,1401399a-21e4-4a2a-a7ed-56ad8f07cc4a,2025-09-04,치핑,0.0414
공장 B,MLCC_07,X5R,282ecb86-51d9-4c42-af3f-28c546e11ac3,2025-08-26,치핑,0.0395
공장 A,MLCC_06,X5R,0a81ee87-be19-4ba8-bac6-49e9da499d20,2025-08-25,박리,0.0466
공장 B,MLCC_10,X5R,585f350a-b05c-4c0b-9730-b13fd61fce2e,2025-09-12,전극손상,0.0197
공장 B,MLCC_08,X5R,5f517da8-df10-433b-982b-3ab917135de8,2025-08-23,치핑,0.0397
공장 B,MLCC_04,C0G,fe5248c9-48c9-4e4a-951d-f2f48d2cba2f,2025-08-27,전극손상,0.0021
공장 C,MLCC_02,X5R,74f84a2e-5039-43f5-93d7-520537a32762,2025-09-02,박리,0.0291
공장 A,MLCC_10,X5R,4a3c918a-a2d5-437a-8c74-d89a5e990177,2025-08-17,단락,0.0245
공장 C,MLCC_01,X5R,e9924d8f-e937-4b34-87a5-5f64d80a38e6,2025-08-31,단락,0.0307
공장 B,MLCC_06,C0G,56dc5121-4e66-465c-a30a-07cacda02c79,2025-08-17,박리,0.0256
공장 B,MLCC_09,C0G,537615a5-396c-441c-ae9c-bfe660985876,2025-09-03,전극손상,0.019
공장 A,MLCC_08,X5R,7aa93c7f-a77f-40ef-8e09-53e159b0c824,2025-08-18,박리,0.0076
공장 A,MLCC_04,C0G,235f7751-98e2-40cf-bb4a-456fc49ad888,2025-09-05,박리,0.0225
공장 A,MLCC_06,X7R,db3965e2-1686-4804-af22-f596c459e25e,2025-09-02,크랙,0.0329
공장 C,MLCC_03,X7R,b8794810-5198-4513-84ae-61736263792b,2025-09-06,전극손상,0.0393
공장 A,MLCC_10,X5R,87b90e54-7bf9-4f5b-b40b-fda4cfa7588c,2025-08-27,치핑,0.038
공장 C,MLCC_08,C0G,409e19b5-21ee-4999-964d-f68e85675235,2025-09-17,치핑,0.0094
공장 A,MLCC_05,X5R,4a7897d7-fe4f-4029-bd6c-755b3ee6980d,2025-09-05,치핑,0.0097
공장 C,MLCC_01,C0G,901b60ac-4fae-46cb-af5e-786626b4a4d7,2025-08-29,전극손상,0.0311
공장 A,MLCC_04,X5R,14a4c808-b955-4e67-9160-562ccc51e375,2025-08-22,크랙,0.0074
공장 C,MLCC_04,X5R,ba8dba0f-8880-4a83-9ad9-9fbccf0d5c56,2025-08-25,전극손상,0.0184
공장 B,MLCC_06,X7R,d71b4b7f-9d14-4380-858e-e1bd48670aae,2025-09-25,전극손상,0.02
공장 B,MLCC_05,X7R,da061647-e7aa-473a-8b9a-1d0dc3f0bacb,2025-09-16,크랙,0.0076
공장 B,MLCC_05,X5R,b237bd93-69a1-49f6-b708-f819035e50ab,2025-09-09,전극손상,0.0383
공장 C,MLCC_10,C0G,2edc6ee6-6910-4597-98aa-c25999cec16c,2025-09-26,단락,0.0169
공장 B,MLCC_10,C0G,587d5dd5-21c7-40f8-b706-75f0103473da,2025-08-18,전극손상,0.0107
공장 A,MLCC_05,C0G,e551b028-b4d7-4baf-9490-c324714fca97,2025-09-15,치핑,0.014
공장 C,MLCC_05,C0G,d1c020d8-4c05-4179-a308-04b9e73c3792,2025-09-15,크랙,0.0072
공장 B,MLCC_02,X7R,41a7593a-ea44-406a-a8ec-1a01abf7c00d,2025-08-23,단락,0.0311
공장 B,MLCC_06,C0G,51749ce1-3fce-4a60-97c9-522f12b77f5f,2025-09-28,크랙,0.0447
공장 A,MLCC_09,C0G,0c17df65-b87c-4581-a540-0943878c2265,2025-08-19,단락,0.0347
공장 B,MLCC_01,X5R,6c3c24e9-9ec0-4c12-beea-00a1adf3b0b4,2025-09-22,크랙,0.0134
공장 A,MLCC_08,X7R,e08e936b-8d86-4b65-8bec-bc41ef668340,2025-08-20,크랙,0.0199
공장 A,MLCC_06,X7R,1bf6e313-10db-435b-8d5f-09cd83adc543,2025-09-09,단락,0.0043
공장 A,MLCC_08,X7R,489862ff-77f4-4bcf-adf8-39e916db592a,2025-09-03,전극손상,0.0371
공장 C,MLCC_01,C0G,4dcd9125-cfb0-49a2-a8e1-3f3c84843fd4,2025-09-09,전극손상,0.0029
공장 C,MLCC_07,C0G,e21ab101-ffa6-4e4e-8a82-f1ccd6ed4e2e,2025-09-03,전극손상,0.0403
공장 A,MLCC_03,C0G,bf6e01d1-5925-443b-804b-8d09d41d6eff,2025-09-19,박리,0.0371
공장 C,MLCC_10,X5R,c8c04812-6d04-45f8-84f7-45c9dd5bface,2025-09-21,박리,0.0181
공장 C,MLCC_03,X7R,46be3923-4e73-49be-a2be-8d1236b264cf,2025-09-17,박리,0.0184
공장 A,MLCC_10,C0G,3e51d638-0a76-4e6e-bcc9-6ff8441de244,2025-08-18,크랙,0.002
공장 C,MLCC_01,C0G,daa11c87-298b-4288-8e56-c7b928243028,2025-08-20,단락,0.0197
공장 C,MLCC_02,C0G,7a0e2d6f-c00f-4331-a2d4-232888cd339a,2025-09-20,박리,0.0311
공장 A,MLCC_09,C0G,bc132f18-7ad8-4749-b4cf-974f6392be27,2025-09-01,크랙,0.0244
공장 B,MLCC_02,C0G,9ba4bee8-4c9f-4177-8b00-05591d72306e,2025-09-21,박리,0.0153
공장 B,MLCC_08,X5R,44d17b96-6b43-4ca4-8346-b24c6818e487,2025-08-31,전극손상,0.0295
공장 C,MLCC_02,X5R,4a47ca30-a9f5-4add-b080-e80cf983738c,2025-08-28,단락,0.0465
공장 A,MLCC_07,C0G,5db3f26d-36a0-4015-8bff-c59c1d5da4a4,2025-08-29,치핑,0.028
공장 A,MLCC_10,X5R,c59ccdff-17ff-403f-b238-ecf423ba5953,2025-09-08,박리,0.0128
공장 C,MLCC_05,X5R,a93f3ccf-477d-4006-89f3-db8e52f4b6c3,2025-09-08,단락,0.0326
공장 B,MLCC_03,X5R,a87b3ccd-7d09-4940-9b0b-2cf411f38e5f,2025-09-13,단락,0.0137
공장 A,MLCC_02,C0G,c9c573c2-92c5-42cd-be5b-5673cea192bc,2025-09-08,전극손상,0.0489
공장 B,MLCC_08,X7R,6b630261-9766-4398-b34a-2cc00881524d,2025-09-17,박리,0.0036
공장 B,MLCC_06,X7R,9007ed39-3778-4773-b013-e4e41f3528b6,2025-09-10,단락,0.0469
공장 B,MLCC_02,C0G,cdfa01b9-e3e8-4020-803e-8444aae75584,2025-08-19,전극손상,0.0366
공장 C,MLCC_02,X7R,09f4f059-0851-4a1b-9a75-7f03c1cb94c8,2025-08-20,치핑,0.0084
공장 C,MLCC_06,C0G,037f02b0-5318-46de-b181-dba8a695a5ae,2025-08-28,전극손상,0.0374
공장 C,MLCC_03,X5R,89ed4d25-03e0-4491-83a3-0b940c4db5fb,2025-09-21,치핑,0.0084
공장 C,MLCC_07,C0G,228a3a16-7659-4cba-9a02-5335070c4451,2025-09-04,전극손상,0.0088
공장 B,MLCC_10,C0G,48d7d0d4-45cf-45cf-88f2-2654a31a6cac,2025-08-31,박리,0.0366
공장 C,MLCC_01,X5R,1514a70a-27c4-417d-800e-de6cb9355221,2025-09-19,크랙,0.011
공장 A,MLCC_10,X5R,537342e9-1fe7-4e65-b72a-65fa51ed5eed,2025-08-30,치핑,0.0102
공장 A,MLCC_09,C0G,d02dcd20-15fa-4a92-ae84-db440553bed0,2025-08-17,박리,0.0267
공장 B,MLCC_10,X5R,d0d5b946-a643-4807-9e21-df0fb8de5c7f,2025-08-28,박리,0.0375
공장 B,MLCC_09,C0G,25649d48-a444-4a15-bb17-f85b1d8bc3a3,2025-09-07,단락,0.0342
공장 C,MLCC_03,X7R,213a1338-2c10-47bb-a0fd-8177a77e1a72,2025-08-19,치핑,0.0498
공장 C,MLCC_04,C0G,ca92ca0f-413e-4c93-9916-9d01c149b254,2025-08-30,박리,0.0364
공장 B,MLCC_08,X7R,7a7c95fd-be2a-4cc2-9800-c9fe04bd2ab3,2025-09-05,크랙,0.0202
공장 B,MLCC_05,X7R,56421b8d-6351-4c05-85f1-d04de22f7014,2025-08-25,전극손상,0.0024
공장 A,MLCC_04,C0G,653b8100-18b7-45fa-874d-37e35d93d300,2025-09-01,박리,0.0207
공장 A,MLCC_07,X5R,431b4369-5850-49ad-9c97-2230bbbf56d9,2025-08-24,치핑,0.0042
공장 C,MLCC_10,X5R,5e349ada-aa90-424b-9120-3b5d4e00150d,2025-09-12,크랙,0.0304
공장 C,MLCC_03,X7R,faff4a64-52dd-4046-964f-15e2ee5e7575,2025-09-08,단락,0.0322
공장 B,MLCC_03,C0G,09e5d17d-f6d7-4e41-9023-3f04c900db4b,2025-08-22,박리,0.0395
공장 A,MLCC_06,X7R,609d1249-e8f2-4920-8944-db8486e538f9,2025-09-13,박리,0.0263
공장 B,MLCC_04,X7R,92590383-3933-406b-b957-410cd0fb00dc,2025-09-16,단락,0.0223
공장 C,MLCC_02,C0G,72bd7631-68e7-4d38-ac01-36463678a659,2025-09-15,치핑,0.0403
공장 B,MLCC_09,C0G,2eee7f4e-71ab-440b-87c5-c6403c47ab5f,2025-08-31,단락,0.0216
공장 C,MLCC_04,X7R,9cddac12-9a69-48ae-9fbc-2b7a87b4988b,2025-08-19,박리,0.0198
공장 B,MLCC_09,C0G,b6d403b2-f64f-4640-b53d-a80005ff7290,2025-09-08,단락,0.0287
공장 B,MLCC_10,X7R,6e721aab-e1d4-4681-b7ca-0befa89b14e3,2025-09-04,전극손상,0.0353
공장 A,MLCC_06,X5R,4847ae60-cfa5-4bdd-b061-b703231f2e4f,2025-09-21,단락,0.0466
공장 A,MLCC_03,X7R,25f0bcbf-15ae-4089-a0c0-507e6c05f540,2025-09-18,크랙,0.0428
공장 C,MLCC_10,C0G,3a65d5c8-183f-4846-83d0-fa2441915f88,2025-09-08,전극손상,0.0236
공장 A,MLCC_04,C0G,bf0fe20e-5a88-4401-be46-e7f45dcbd0ea,2025-09-10,크랙,0.0469
공장 B,MLCC_04,X5R,b5195a3b-716c-4dc9-9913-18bb54395a0f,2025-08-18,박리,0.0034
공장 B,MLCC_07,X7R,7a677265-a9f1-4f6f-a428-1f20a8d77dbb,2025-08-31,단락,0.0392
공장 B,MLCC_04,C0G,611f0898-c56e-4c46-aeca-540c0ad6b785,2025-09-12,박리,0.0074
공장 C,MLCC_09,C0G,d6eb84cf-41fd-46e9-8dcc-146650cb68a5,2025-08-29,박리,0.0017
공장 B,MLCC_08,X5R,cd03f98a-de53-4f8c-a98d-d39dd2ee453f,2025-09-14,박리,0.0145
공장 B,MLCC_07,X5R,a82db950-e2b3-4d28-ac75-874d4924645d,2025-08-29,크랙,0.0424
공장 A,MLCC_06,C0G,170195d4-39b5-465f-9fad-d0a730daf342,2025-09-16,박리,0.0026
공장 B,MLCC_04,X5R,b54b318f-b26d-44c3-ac9d-c603ea74ce89,2025-09-25,치핑,0.0078
공장 B,MLCC_04,C0G,b8f421fb-3bc6-486c-9dd8-c5cd5c82760f,2025-08-23,치핑,0.018
공장 C,MLCC_02,X7R,c6f28e94-35f8-4a96-a419-ae91ec599a9c,2025-09-28,전극손상,0.0036
공장 B,MLCC_08,C0G,1618b9a3-c039-46bd-bf7a-2782d2354175,2025-09-15,전극손상,0.0491
공장 A,MLCC_02,X7R,cc7d4cb2-280e-4b0b-a17b-84e1eae18236,2025-09-18,크랙,0.0104
공장 C,MLCC_01,X7R,7ec7744a-b434-4be3-81ac-b5366db5ef8f,2025-08-27,단락,0.0474
공장 A,MLCC_09,C0G,1b9afb65-2063-45be-bac9-40a556fe0d3e,2025-08-30,단락,0.0084
공장 C,MLCC_04,X5R,56cab1e3-7335-4276-926d-c3d0ad9e3ce0,2025-09-25,단락,0.0427
공장 A,MLCC_07,C0G,64c24e11-9faf-4679-a682-6b1432970aea,2025-08-19,전극손상,0.0121
공장 C,MLCC_10,C0G,56b6a5d0-aead-41e2-97e7-04471bce85b6,2025-08-18,단락,0.0276
공장 B,MLCC_06,X5R,5c47690b-27b8-439e-8b72-39ba7bc183f3,2025-08-17,크랙,0.0248
공장 A,MLCC_05,X5R,f99e8c98-7767-4c0b-854e-e655c41bebea,2025-09-14,단락,0.0338
공장 C,MLCC_02,C0G,d7cd0256-fc6d-4b4c-85e4-9662ab94a6b6,2025-09-20,박리,0.0041
공장 B,MLCC_08,X7R,25890347-b451-4528-865e-67c72a6d7f46,2025-08-31,크랙,0.0489
공장 C,MLCC_03,C0G,8c16f64e-342c-46eb-9520-580b9fce6873,2025-09-01,전극손상,0.0091
공장 B,MLCC_04,X5R,9d54294a-a594-41c3-93f7-e477a65c9e24,2025-09-04,전극손상,0.0333
공장 B,MLCC_04,X7R,b319ffbc-a249-43b8-8ca0-0273f8e7bacb,2025-09-26,전극손상,0.0231
공장 B,MLCC_10,C0G,e96cdd48-d128-44ea-b707-6dcc07ae62d9,2025-09-07,크랙,0.0042
공장 A,MLCC_03,X5R,2bc97b5c-3685-4838-8201-9146b744aeb8,2025-09-11,박리,0.0401
공장 C,MLCC_07,C0G,a631b3ac-881d-457f-8dc4-e71ae179c3f0,2025-09-04,치핑,0.0196
공장 A,MLCC_03,X7R,571a36e9-54b0-4630-adcf-025b14da4f41,2025-09-08,치핑,0.011
공장 A,MLCC_10,C0G,9820ddc2-a6d3-46f8-8a82-3b5f22f39a8b,2025-09-16,전극손상,0.0163
공장 C,MLCC_09,X7R,82c854a4-5eca-48d4-a68f-76c28497b8f5,2025-09-20,크랙,0.0087
공장 B,MLCC_04,X5R,3f15ce43-5b8d-476c-9c91-653c8f966026,2025-09-04,치핑,0.0188
공장 C,MLCC_02,X5R,70f16725-eb83-4e9d-8b7c-297104093f8d,2025-09-23,단락,0.0303
공장 A,MLCC_07,X7R,79a3f0a9-9a44-4ba5-94c9-3caf007c15fd,2025-09-28,전극손상,0.0226
공장 B,MLCC_06,X5R,861210b2-2dad-4f7f-a5ed-aee9bc00c1f1,2025-08-27,치핑,0.0442
공장 A,MLCC_07,X7R,94765460-0f5c-4e56-a9ae-d7820c516d44,2025-09-27,전극손상,0.0492
공장 B,MLCC_05,C0G,4546b827-1b47-4372-a9b8-779eef1c04fe,2025-08-24,크랙,0.0091
공장 B,MLCC_06,X7R,0a6bea00-52d3-41e6-b2af-00e34cc81f02,2025-09-24,치핑,0.0089
공장 A,MLCC_05,X7R,1092aa06-c42f-47f0-bde9-4b9b89c53f42,2025-08-20,단락,0.0024
공장 B,MLCC_04,X5R,4cd74c47-0337-4eb4-9592-cdcb4e09e6fd,2025-09-23,전극손상,0.0487
공장 B,MLCC_09,X5R,c14c2441-9f37-4a7d-b310-c2a07ef74851,2025-08-17,치핑,0.0382
공장 C,MLCC_09,X5R,29a9cdd9-78f4-4891-835d-ef6ce3ad2eb1,2025-09-12,박리,0.0235
공장 B,MLCC_05,X5R,84c6ef19-4cff-4a06-bd27-b9c12f73d553,2025-08-26,치핑,0.0441
공장 A,MLCC_10,X5R,3ff761ee-71d8-4e55-abdc-3a73d48c87e5,2025-09-16,단락,0.0128
공장 B,MLCC_04,C0G,a36a6357-97c5-4ec0-95cd-da8ec0e910ea,2025-08-28,치핑,0.0231
공장 C,MLCC_10,C0G,20638e81-7c09-4d4f-b25f-8c7510ddb460,2025-08-18,단락,0.0422
공장 A,MLCC_03,C0G,5c6c9679-47d9-4d48-9d04-f2696536b411,2025-08-21,크랙,0.0169
공장 C,MLCC_08,X7R,25594d04-b03c-43db-8770-25e25a81c30c,2025-08-24,단락,0.0331
공장 C,MLCC_01,X7R,64145f83-e107-4a38-ae29-42ca51ac16d2,2025-08-27,치핑,0.035
공장 C,MLCC_09,X5R,63fcca87-3a45-4747-9f2b-c460dbc2b406,2025-09-14,전극손상,0.0026
공장 A,MLCC_05,X5R,53c6960c-cdad-444d-a87d-400058b49dc9,2025-09-26,박리,0.047
공장 C,MLCC_01,C0G,a51c21f9-88fb-4ce0-a29d-eaa3ae48524e,2025-08-28,치핑,0.0039
공장 C,MLCC_02,C0G,3868ceae-f335-4646-a325-e2c2b32d74ac,2025-08-22,치핑,0.001
공장 B,MLCC_02,X5R,ebe5efa4-6e5c-4e83-860c-49554caea95a,2025-09-06,박리,0.0197
공장 C,MLCC_03,X5R,6976b89f-147a-4e45-912a-279c9b4c1ea8,2025-08-17,치핑,0.0217
공장 B,MLCC_09,X5R,998d6c2d-e3d1-4f11-b543-0f45501996dc,2025-09-25,단락,0.0153
공장 C,MLCC_03,X5R,7a447fd9-168e-4b06-b1a1-b2e27c0f9178,2025-08-29,치핑,0.0404
공장 A,MLCC_04,X7R,af517394-a272-49e5-a378-4815c60d1d7c,2025-09-14,단락,0.0159
공장 A,MLCC_07,X7R,56fd4a81-1f86-4a91-b65e-79029ba4e90a,2025-09-19,박리,0.0065
공장 A,MLCC_06,C0G,231b5d0d-d2f5-4a88-82cb-7e8c49f69b51,2025-09-23,박리,0.0057
공장 A,MLCC_09,C0G,607e9ddb-419c-4edb-b079-83b1843d21b0,2025-08-24,치핑,0.0046
공장 C,MLCC_09,X5R,4e1abd5c-c02b-4ca5-b3c3-e45fca333910,2025-09-07,단락,0.0034
공장 B,MLCC_04,C0G,917a3822-055c-48dd-9bdc-d82ff3efe92e,2025-09-09,전극손상,0.0301
공장 C,MLCC_09,X7R,95fc775e-ab3a-4756-bbae-4a341a28261e,2025-09-20,전극손상,0.0421
공장 C,MLCC_03,X5R,b37ad5c4-e2dd-4361-8133-ebe2695c1864,2025-08-25,크랙,0.0291
공장 A,MLCC_05,C0G,ebb75fb0-a034-4398-ac02-87ba09106ea0,2025-09-24,치핑,0.0249
공장 A,MLCC_05,C0G,23e151cc-f7dd-4feb-8777-b791a932e1c9,2025-09-04,전극손상,0.0026
공장 A,MLCC_03,X5R,107be42e-ab5f-4b3d-81d0-5691e677cd4f,2025-08-26,단락,0.0022
공장 C,MLCC_07,X5R,decc4ab2-30c6-4bc1-b783-f6152445c4b9,2025-09-05,박리,0.0238
공장 C,MLCC_09,X5R,89b8baab-3f83-423a-8f61-9a6abdefaea2,2025-08-21,박리,0.0227
공장 A,MLCC_08,X7R,7383f82a-a6bf-48aa-a224-1a5c5022c729,2025-08-24,박리,0.0397
공장 C,MLCC_03,X7R,abe91fa1-3f98-4b39-9cac-87592b9d87d2,2025-09-10,박리,0.0061
공장 A,MLCC_06,X7R,2256353e-8caf-45be-9ee7-c1354c73c1cf,2025-09-14,박리,0.0476
공장 C,MLCC_02,X7R,6de84217-e192-49e3-87f4-3a0f1a0a69ab,2025-09-20,단락,0.0258
공장 B,MLCC_07,X5R,a076f5b3-ef9b-420f-99e3-7b3727fec6f4,2025-09-13,단락,0.0011
공장 B,MLCC_06,X7R,b88544e7-39a6-4e17-9668-8fecf314be5e,2025-09-22,치핑,0.0146
공장 A,MLCC_01,C0G,2f1b562f-6755-4977-9d14-ee9fa5af65ee,2025-08-21,전극손상,0.0246
공장 B,MLCC_08,X7R,f02ddc44-ca04-4d96-8e34-3d21fc0ee895,2025-08-25,전극손상,0.0242
공장 A,MLCC_01,C0G,ea9a4c8b-e043-4369-89fb-4811f56ce163,2025-09-13,단락,0.0014
공장 C,MLCC_08,C0G,fd0823c2-4cf3-437a-bfe4-bb9b72931f81,2025-09-16,크랙,0.0237
공장 A,MLCC_05,X5R,63e74c8f-d376-4c1c-86ff-a24b83c675fe,2025-09-07,크랙,0.0154
공장 A,MLCC_09,C0G,040518d8-35a5-478f-8608-764d469f884b,2025-09-02,단락,0.0312
공장 A,MLCC_08,X7R,df431288-8718-4089-8276-5a8e015cc16d,2025-08-18,치핑,0.0259
공장 C,MLCC_09,C0G,977e0123-e2ea-4f8f-9f6f-cc2059d00b12,2025-09-02,치핑,0.0032
공장 C,MLCC_01,C0G,11cab815-1493-49b6-b516-fcdd55916952,2025-09-18,전극손상,0.0137
공장 A,MLCC_01,X5R,602c867f-0eb1-4ae1-806a-787765fe01ae,2025-08-17,박리,0.0412
공장 A,MLCC_08,X7R,e878f747-8d96-4497-9b37-5b71b191ee59,2025-09-25,전극손상,0.0416
공장 C,MLCC_01,X5R,58cc7986-d58b-480f-a702-599f590e577e,2025-09-17,크랙,0.0066
공장 C,MLCC_01,X5R,09983f3b-1b89-488b-b8b2-4567bb962ed8,2025-09-14,전극손상,0.0069
공장 A,MLCC_08,C0G,40f81829-65da-4a6a-b078-6a3b9447d935,2025-08-20,박리,0.0049
공장 C,MLCC_09,X5R,af21087e-7b5f-488d-88d8-dcd99963f2d8,2025-09-02,전극손상,0.0343
공장 C,MLCC_02,X7R,a20a4f89-5cd5-44fd-872e-af0d011c1dfc,2025-08-28,전극손상,0.0015
공장 C,MLCC_02,X5R,b7233156-46cc-4002-8a6f-10da95aa283a,2025-09-12,단락,0.031
공장 B,MLCC_03,X7R,dc018a58-4923-4fb5-89e7-1f1db6841f1b,2025-09-08,전극손상,0.0452
공장 C,MLCC_06,X5R,16515e96-b326-4f35-a051-eda84a9e46e4,2025-08-18,크랙,0.0016
공장 C,MLCC_03,C0G,f912c8eb-e5e3-409a-8524-5a939f6a4c2a,2025-09-14,전극손상,0.0206
공장 A,MLCC_05,X5R,ffb9de78-39f9-44c2-bc37-a02647726d26,2025-09-06,단락,0.0116
공장 C,MLCC_09,C0G,0845e52d-3510-4d55-9b48-271a35b0fbc8,2025-08-24,박리,0.02
공장 C,MLCC_02,C0G,7c2a51a5-3b57-4399-954a-7daa08ff983f,2025-09-08,단락,0.016
공장 B,MLCC_10,X5R,229ba526-6f47-4bfe-9389-281152b29c96,2025-08-17,치핑,0.0231
공장 C,MLCC_09,X7R,296beb78-cae2-4337-a5d2-99bd21328e96,2025-09-17,치핑,0.0295
공장 C,MLCC_10,C0G,a8e29366-0f6e-4e43-a093-bdc2f3e2a49f,2025-08-21,박리,0.0203
공장 C,MLCC_08,X5R,96683cd8-4c71-4720-92a8-d65d8a4c8dc2,2025-09-04,박리,0.0221
공장 A,MLCC_04,C0G,c71622f6-a1d8-4978-bb25-d71d523ba16b,2025-08-27,단락,0.0474
공장 A,MLCC_03,X5R,2e5f307d-7c8e-4f6d-ba75-7360f89a8661,2025-09-01,박리,0.0196
공장 C,MLCC_03,X7R,8d652204-08bf-423e-bdd4-324db0f9d67c,2025-08-24,치핑,0.0211
공장 A,MLCC_01,X5R,51f1c744-076a-47c8-a53a-5c9a65c4b91d,2025-09-05,전극손상,0.027
공장 B,MLCC_04,C0G,644e7c81-a2ed-4d2a-94df-66085b33b0bc,2025-08-17,박리,0.0092
공장 A,MLCC_02,X5R,cbcc182f-6462-4da0-be03-cded61b47727,2025-09-06,치핑,0.0271
공장 B,MLCC_04,X7R,947672a8-67ef-4b9d-bb75-8637b8e263c4,2025-08-24,치핑,0.02
공장 C,MLCC_10,X5R,0e1d0a1f-ba6e-4688-929a-3208f1a04427,2025-09-05,치핑,0.0082
공장 B,MLCC_05,X5R,7bb767cd-fbfd-4f0b-ad6b-8dc8caca1de0,2025-08-23,전극손상,0.0419
공장 B,MLCC_05,C0G,b45b012f-c2c6-4e18-a979-e78c7862e4d0,2025-09-23,치핑,0.0445
공장 B,MLCC_04,C0G,36fc8da7-1531-4fb3-8000-ea5842c70fa1,2025-09-25,단락,0.0053
공장 A,MLCC_04,C0G,283a464a-034e-4e7e-87e2-2aed69652f23,2025-09-28,박리,0.049
공장 A,MLCC_09,C0G,d4a3ced4-4491-45a6-b30d-13ec8abc12cc,2025-09-01,크랙,0.0092
공장 C,MLCC_05,X7R,ab2a5178-5ca8-42f6-924f-e77cc90452c9,2025-09-14,치핑,0.0185
공장 A,MLCC_02,X7R,a914cea1-3fb1-406e-b436-820f1040c742,2025-09-27,크랙,0.0038
공장 C,MLCC_05,X7R,e1d967c4-27c5-48cf-a88b-5dcf96e9dcfc,2025-09-08,박리,0.018
공장 A,MLCC_08,X7R,adb5960f-9851-4f5c-8f05-1805cbb19690,2025-08-19,전극손상,0.0317
공장 C,MLCC_04,C0G,3b1d9eeb-478d-4516-b602-0a12dc51bff5,2025-08-26,단락,0.037
공장 B,MLCC_02,C0G,13b50193-5ac1-41d0-bd48-cace3ca9e1b9,2025-08-21,크랙,0.0236
공장 A,MLCC_07,C0G,ff3c0e30-4aa7-45cb-887f-26ea200448cc,2025-09-26,단락,0.0358
공장 C,MLCC_06,X7R,3763b901-18d4-4ae1-a85f-bc0b84104d80,2025-09-06,치핑,0.0456
공장 A,MLCC_06,X7R,6a90969a-eee1-41ca-8936-f0548d4118a8,2025-09-21,박리,0.0029
공장 C,MLCC_06,X7R,653d512f-36e9-4c5e-b473-7e79afbdde05,2025-09-16,박리,0.0038
공장 A,MLCC_08,X5R,126147a8-3a5b-4c6c-b28a-00af05e61894,2025-09-25,크랙,0.0473
공장 C,MLCC_01,X7R,70bc522e-3cd0-4c69-a03b-e167faebe970,2025-08-25,크랙,0.0491
공장 B,MLCC_04,X7R,06c098b7-fa91-43b1-bedb-d56efce7e7fd,2025-08-26,크랙,0.0251
공장 B,MLCC_01,X7R,5e84fa14-9b3a-442e-b57a-c4072d28d5fb,2025-08-29,치핑,0.0261
공장 C,MLCC_09,X5R,cbc41d5b-bc95-4f17-a4e4-1431c4fb7b2f,2025-09-06,단락,0.0434
공장 C,MLCC_02,X7R,87f27c27-dcd2-4b6d-865e-f44914d1387d,2025-09-13,박리,0.0405
공장 C,MLCC_03,C0G,8ed6211c-67ca-4315-a34f-453040cddfb3,2025-08-29,박리,0.0012
공장 A,MLCC_01,C0G,52565226-7ae0-46fa-a7cd-fa5e7bf96317,2025-09-04,치핑,0.0163
공장 C,MLCC_03,C0G,a9e20646-0857-458b-aecb-5843909b7c05,2025-09-15,전극손상,0.0486
공장 B,MLCC_07,X5R,cb5ad7b7-7d15-4868-9152-5a7bf3c9ea45,2025-09-01,전극손상,0.0025
공장 B,MLCC_03,X5R,9874167e-3df8-420e-a05b-22fe3a921f42,2025-08-25,크랙,0.032
공장 B,MLCC_05,C0G,ba32d3d4-e300-467f-b48e-f4364c46da08,2025-08-29,치핑,0.0113
공장 B,MLCC_09,X7R,3d94174a-6887-47e2-9190-06e909304910,2025-09-11,치핑,0.0499
공장 B,MLCC_08,C0G,a4c0f686-b7f1-4343-8a3c-c8a82aba9483,2025-09-11,치핑,0.0372
공장 A,MLCC_09,C0G,8e147560-331b-4809-b67b-4d9ade58eafe,2025-08-24,전극손상,0.0013
공장 A,MLCC_08,C0G,536eaa15-67da-4c44-8f0b-26cdd85a44ea,2025-09-17,단락,0.0425
공장 C,MLCC_02,X7R,6a9a9755-8a87-4555-bddc-0782fb734c73,2025-09-16,단락,0.0364
공장 B,MLCC_04,X7R,a56249e7-fac7-4c51-b5bd-763e8437d9ab,2025-09-27,치핑,0.0181
공장 B,MLCC_03,C0G,0a4e8466-5ca3-4b9a-8b46-9692adaa34ad,2025-09-12,전극손상,0.0352
공장 C,MLCC_03,X5R,8bbd9324-ce46-4c59-bb2c-ca6254739da6,2025-09-27,크랙,0.0048
공장 B,MLCC_07,X5R,249f679b-192f-4bd2-a02b-acedc6daf81a,2025-09-21,박리,0.0356
공장 B,MLCC_02,X5R,b82c41c2-349d-4a77-8f02-814639c20789,2025-09-16,전극손상,0.0337
공장 C,MLCC_02,X7R,cc3c5e40-88db-44f2-bd33-bc659f3e4c2e,2025-09-15,치핑,0.0021
공장 A,MLCC_07,X7R,90556aed-4002-42ed-ac09-c0d496f323a4,2025-09-22,단락,0.0279
공장 A,MLCC_05,C0G,3eafbbcb-e645-4c11-b811-d00c63865cfc,2025-08-29,치핑,0.0185
공장 A,MLCC_09,X5R,1743d8ed-1514-4d6d-a5bd-261947f75d7f,2025-09-03,단락,0.0363
공장 B,MLCC_10,X5R,9da72b65-29f6-4395-bcd2-b95cf564b789,2025-09-10,박리,0.0322
공장 B,MLCC_02,X5R,c131766b-3eb6-4988-b39d-d4cf6203ed66,2025-09-19,박리,0.0125
공장 C,MLCC_05,X5R,ab4740e9-2d0d-40f7-86a0-9c830566c614,2025-09-24,박리,0.008
공장 B,MLCC_07,X7R,e1a8b3f4-5a96-460d-97b1-465a6fcc5f36,2025-09-07,크랙,0.0076
공장 C,MLCC_02,X7R,121c1c78-6580-47f6-9ca7-808ab053eabf,2025-08-17,단락,0.0377
공장 C,MLCC_09,C0G,fc86e25b-d393-4e0f-8403-21f055cc3b9f,2025-08-28,크랙,0.0394
공장 B,MLCC_02,X5R,298169e2-db08-4c4e-897a-fe1b2be0a251,2025-08-21,단락,0.0041
공장 A,MLCC_02,X5R,6c26661b-82f7-4cb7-a2c2-40f6ebe154f7,2025-08-31,전극손상,0.0471
공장 A,MLCC_09,X7R,95630d82-5d35-4034-85cd-86b131cea23e,2025-09-10,치핑,0.0287
공장 B,MLCC_02,X7R,64014a43-1333-47a9-8a63-2f5d0c7a5ca7,2025-08-17,치핑,0.0223
공장 B,MLCC_01,X7R,0027f000-6174-49cc-8a7f-196d9baa8fd5,2025-08-21,전극손상,0.0067
공장 B,MLCC_07,C0G,ae37f116-47ac-4164-bc63-fb6eeef283c5,2025-08-17,단락,0.0466
공장 C,MLCC_09,X5R,29d0f7e0-5965-4dda-8d2e-274b159b2950,2025-08-30,전극손상,0.0359
공장 A,MLCC_05,X7R,3616dc24-1a84-47a0-9bf3-b47346a3e4e7,2025-09-04,단락,0.0341
공장 B,MLCC_09,C0G,3452eb78-5d01-4092-b8ed-81f6e932cf88,2025-09-04,전극손상,0.0243
공장 A,MLCC_03,X5R,6ed211d7-34ca-433d-9c3b-5f04941b1f21,2025-09-10,단락,0.0186
공장 A,MLCC_07,X7R,2469f268-81c7-404f-9018-b88d31fecdd7,2025-08-30,크랙,0.0321
공장 A,MLCC_03,X7R,eebdadca-1da8-4ba9-ad66-8cfa0d068d65,2025-09-07,단락,0.0101
공장 A,MLCC_05,X7R,18e8eedb-7059-4f35-926f-14e452091a39,2025-09-14,크랙,0.0114
공장 B,MLCC_09,X7R,c230c821-6b56-4f3f-a7d1-dae77e586b15,2025-08-27,단락,0.04
공장 A,MLCC_07,C0G,ad045f43-cd8a-492f-b5c4-11089c0ac163,2025-09-26,크랙,0.0203
공장 C,MLCC_08,X5R,6a4d4909-5d3f-438e-b3cb-bad518c77b5c,2025-09-23,치핑,0.0165
공장 B,MLCC_05,X5R,375fee30-6fad-49bb-beef-a798d913fd59,2025-08-27,단락,0.0446
공장 A,MLCC_03,C0G,eed76156-4bca-4768-be9c-5a01d6cb7203,2025-09-02,단락,0.0065
공장 A,MLCC_10,X7R,643db4ec-a934-41b6-a726-d1589c6f5130,2025-09-05,전극손상,0.0347
공장 B,MLCC_05,X5R,3c3ca4d9-406b-499a-94ec-045624ee7488,2025-09-09,단락,0.0071
공장 C,MLCC_10,C0G,e953b87a-96b5-40d0-b10f-648a1432c644,2025-08-25,치핑,0.0208
공장 B,MLCC_01,C0G,cdc5f091-500a-4d8c-9994-86619667dd6d,2025-09-22,치핑,0.044
공장 B,MLCC_10,X5R,fa287ba1-9429-4f35-bb9a-1fe9e43b34c3,2025-09-26,단락,0.0163
공장 B,MLCC_01,X7R,b5134472-f323-43da-9a75-fc80f7f922ce,2025-08-23,전극손상,0.0047
공장 B,MLCC_09,C0G,2a2944a5-a62b-4df9-80b4-29e888cfec23,2025-09-24,전극손상,0.0177
공장 B,MLCC_07,X7R,d557b6a2-f05d-4720-9fe8-11c45b77501d,2025-09-18,박리,0.0325
공장 A,MLCC_05,X7R,b24c3432-29ff-4391-8362-ae86577b5307,2025-09-25,박리,0.0425
공장 C,MLCC_09,C0G,e9f0094d-85eb-4ba3-87e4-ce28d807dde0,2025-08-23,단락,0.0153
공장 C,MLCC_06,X7R,fb0de4d8-59e6-437d-b7ec-d09bc7f88d29,2025-09-16,전극손상,0.0122
공장 B,MLCC_02,C0G,d75c8a07-4f02-49df-a39c-5a0f3485840c,2025-08-26,박리,0.0242
공장 B,MLCC_10,C0G,24374dec-1e66-4c1c-9e42-4012f1ac9033,2025-09-19,전극손상,0.027
공장 B,MLCC_04,X7R,a3e53b37-8a31-4a6c-992e-7eee5e947bb6,2025-09-07,박리,0.0391
공장 C,MLCC_01,X5R,5d830298-01e0-4f3e-b219-10ddc2da3e8f,2025-08-17,박리,0.0314
공장 B,MLCC_09,C0G,127ef7c3-0fe0-46e4-9c94-6effc6257e66,2025-08-26,크랙,0.0164
공장 C,MLCC_03,C0G,900f7229-b52f-4449-8edd-188501ba8d2b,2025-09-03,전극손상,0.0268
공장 C,MLCC_04,X7R,230d69cd-f916-4a3d-8207-8515e4c7db54,2025-09-22,박리,0.0325
공장 A,MLCC_01,X7R,6c39e5f6-4c00-41f4-9314-ec5010002d3e,2025-08-24,박리,0.0175
공장 A,MLCC_06,X7R,0f42f5bb-eaa9-49dd-b3ca-b3614f5bc715,2025-09-28,단락,0.0348
공장 A,MLCC_10,X5R,1efc92cf-38c8-43f7-8d68-503b82c6bfb7,2025-09-05,전극손상,0.0254
공장 C,MLCC_09,X5R,2ee4f2ac-6fc4-4d67-a200-6b5a84a41088,2025-09-14,단락,0.0479
공장 C,MLCC_02,C0G,e07161d3-9969-40f0-9fe8-e1a8e3e3222e,2025-08-17,크랙,0.0343
공장 B,MLCC_05,X5R,39b80672-70c3-443b-abd4-73f9527fe412,2025-09-13,크랙,0.0278
공장 B,MLCC_03,X5R,6de90e26-49d3-40b4-be1b-9bc6012ba814,2025-09-05,전극손상,0.0246
공장 A,MLCC_01,X7R,fccf5f4b-3a6c-455e-af2d-c712b2277931,2025-09-11,전극손상,0.0268
공장 A,MLCC_06,X7R,5786dad9-02f7-4403-91e0-d49c2e9e6529,2025-08-23,박리,0.0497
공장 B,MLCC_10,C0G,d6e9dbd0-7831-4f9a-873f-9fefb785d752,2025-08-24,박리,0.0137
공장 B,MLCC_09,X7R,fdbbfdc4-f453-432b-8490-4d5af4c64506,2025-08-24,크랙,0.0491
공장 C,MLCC_04,C0G,a1a59eaa-c962-463a-96a7-7c3be40a5345,2025-09-20,치핑,0.0184
공장 C,MLCC_01,X7R,0d2571e9-e57f-4282-afaa-c899ee5aec67,2025-09-28,전극손상,0.0477
공장 C,MLCC_02,C0G,aec66c98-bb55-4aee-86b0-9b36bccc0ce9,2025-09-11,크랙,0.0244
공장 C,MLCC_04,X5R,78fb6e6f-2cf9-4ef9-a325-e6ca195ebac9,2025-09-01,단락,0.0235
공장 C,MLCC_01,X5R,54256c32-b920-43a4-ae00-b74855e247f7,2025-09-03,전극손상,0.0254
공장 A,MLCC_09,X5R,cd5495ac-3a4d-4320-86e7-a3063077137d,2025-08-22,박리,0.0185
공장 C,MLCC_10,X7R,6c0a96ad-1e36-45b3-8fd7-5b90a726f5a6,2025-09-19,전극손상,0.0119
공장 B,MLCC_08,X7R,ef7fd106-caf7-4692-b0e2-dc0f6c89f244,2025-08-23,치핑,0.0134
공장 A,MLCC_09,X7R,90b4f317-fa71-4802-b721-dd51fe6b7081,2025-08-28,박리,0.0335
공장 A,MLCC_10,X5R,70363ce4-6d59-4222-8276-e4e409cbd282,2025-09-13,치핑,0.0478
공장 A,MLCC_01,C0G,f0e79787-309d-449a-895e-79b20c4e18d1,2025-09-23,단락,0.0321
공장 A,MLCC_04,X5R,b8d30b59-0e70-4b82-b022-1f201cbab89c,2025-09-27,치핑,0.0038
공장 C,MLCC_07,X5R,812d9c46-2be8-4fba-8954-9bd086904def,2025-09-07,단락,0.0396
공장 A,MLCC_04,C0G,fb16d0e7-3a2f-494b-ab4a-50cd2b38936b,2025-09-25,치핑,0.0214
공장 B,MLCC_01,C0G,45e3ad55-f232-4819-bb3a-f3a17360f01c,2025-09-28,크랙,0.044
공장 C,MLCC_04,X5R,46bf363f-fbc8-4f6a-ab0c-9570117581b9,2025-09-09,치핑,0.0118
공장 A,MLCC_09,X5R,9066087a-d4f6-4838-83cf-1e70ad531681,2025-09-06,단락,0.0096
공장 A,MLCC_02,C0G,6750d17a-9413-4210-ab6a-d2a6f8447d59,2025-08-28,전극손상,0.0221
공장 C,MLCC_08,C0G,dfee343f-d807-43ba-9796-88be025ebe80,2025-09-12,치핑,0.017
공장 C,MLCC_03,C0G,ff515049-8ae9-4b9b-a4b4-ce49e6db6cd6,2025-09-28,박리,0.0221
공장 C,MLCC_07,X5R,5dd67010-11dd-4892-8be9-eb7ce2849a3a,2025-09-12,전극손상,0.0216
공장 C,MLCC_04,X5R,437c67bc-7f9e-4178-aac8-9ef05ab6948f,2025-09-16,박리,0.0254
공장 A,MLCC_04,C0G,b4f23e87-5f6a-44e7-ae10-9f59c8c91d08,2025-09-15,단락,0.0155
공장 B,MLCC_07,X5R,c89b6a7c-ab1b-4ba0-90f8-793b8f76eb17,2025-08-19,단락,0.0189
공장 C,MLCC_10,X7R,ac8dc3d9-0a6d-443e-a19c-3dd3143cd38a,2025-09-28,전극손상,0.0235
공장 C,MLCC_08,X7R,8bbea94e-d6fa-4015-b5a4-f35ac6f25059,2025-08-21,전극손상,0.0366
공장 B,MLCC_08,X7R,b2c03233-8de8-4a17-b575-5f44d7181d8b,2025-09-06,크랙,0.0439
공장 A,MLCC_07,X7R,5b1f4f28-ac00-4ef4-8f78-13d5d1332731,2025-08-27,전극손상,0.0028
공장 B,MLCC_05,C0G,b41c298c-a805-4f6a-9c25-a7ca4bb7ee76,2025-09-28,단락,0.0299
공장 B,MLCC_06,C0G,6f298ae6-787d-4d7a-be0e-3c2b76ad4b75,2025-09-20,단락,0.0487
공장 C,MLCC_07,X5R,c2aaafe2-893d-472e-bbb7-df7209cf3d18,2025-08-23,전극손상,0.0159
공장 C,MLCC_03,X5R,fc28f977-b2ff-4f91-ba67-45091508114e,2025-08-28,박리,0.0484
공장 C,MLCC_06,X7R,b5be8752-6dd3-4f54-8492-8ab02649faea,2025-08-20,박리,0.0374
공장 A,MLCC_05,X7R,a6ca6ca9-ef03-4a6c-b052-e2d916a9e81f,2025-08-21,크랙,0.0158
공장 A,MLCC_05,X7R,d4f4256d-1fe7-4c21-93d3-4e35e8420bc9,2025-09-04,치핑,0.0099
공장 C,MLCC_06,X5R,578f9bf0-37f1-40d6-9363-8ced75ac350e,2025-08-27,전극손상,0.0276
공장 A,MLCC_08,X7R,c9bc6dee-1c94-4c6c-bcc1-01582f96128e,2025-08-18,크랙,0.0358
공장 C,MLCC_02,X5R,6773f39a-9d0d-43da-bac3-e9dfd9baed4c,2025-08-29,단락,0.0142
공장 B,MLCC_10,C0G,bf80f75f-d38c-4ed9-bb80-e75c1bd64cc5,2025-09-04,단락,0.0305
공장 C,MLCC_04,C0G,4442613d-f180-477b-be22-8553725bc9ee,2025-09-19,치핑,0.0382
공장 A,MLCC_06,C0G,54303688-0cd9-456b-9817-5c000b55acad,2025-09-14,단락,0.0094
공장 A,MLCC_01,X7R,1510277b-a615-40a6-9ce5-73124e7be93c,2025-09-09,크랙,0.0352
공장 C,MLCC_07,X5R,66cf2c35-db78-4ad4-88e8-4b16481bb9aa,2025-09-15,단락,0.007
공장 C,MLCC_10,C0G,1df9578d-67e7-499b-9713-4c9b11799574,2025-09-11,단락,0.0144
공장 A,MLCC_09,C0G,e8936e2f-864f-423f-bf53-b8f5925250a4,2025-09-06,전극손상,0.0115
공장 A,MLCC_04,X7R,ceed95ef-c5d4-4111-acde-92627727677d,2025-09-27,단락,0.0354
공장 A,MLCC_07,C0G,61ceaaa9-c244-4425-afe1-a5c525efb960,2025-09-06,치핑,0.0246
공장 B,MLCC_04,C0G,953dcf48-214b-4947-b0d0-970a4fe12f31,2025-08-24,치핑,0.0393
공장 B,MLCC_03,X5R,f5d8b6df-a4a5-4aed-9245-de558f0f266e,2025-08-26,단락,0.0485
공장 C,MLCC_07,C0G,059337a8-14c7-40d6-b73b-e26c9094407f,2025-09-06,치핑,0.0356
공장 A,MLCC_01,X7R,77447fa2-897a-4084-ac1c-e966ba03f8c8,2025-09-05,전극손상,0.0257
공장 A,MLCC_06,X5R,2935820b-5840-4813-b903-101be496c758,2025-08-24,치핑,0.0477
공장 A,MLCC_10,X7R,5522a9b0-da13-4657-9281-e7195fb08e3b,2025-09-10,박리,0.0316
공장 B,MLCC_02,X7R,d2c158e3-b62b-4e41-983c-229aa74bfbfd,2025-09-03,단락,0.04
공장 B,MLCC_07,X7R,cc987fd4-c80c-4a91-bbf7-e8a613491597,2025-09-01,치핑,0.0427
공장 C,MLCC_07,X7R,470d752d-1df9-4e35-807e-42e3622dcca0,2025-09-27,크랙,0.0131
공장 A,MLCC_08,C0G,3919a9a3-e2c6-4742-8386-3f00f55e3cb9,2025-09-28,박리,0.0151
공장 C,MLCC_05,C0G,59bf607d-9c51-4850-87ea-ebb42df67a44,2025-09-21,단락,0.0221
공장 B,MLCC_05,X7R,c610136c-03a5-4bb2-961e-6e79ebd69268,2025-08-29,단락,0.015
공장 C,MLCC_09,X5R,b5702b6c-37e6-4416-afa3-8e07db6d9015,2025-08-25,전극손상,0.0045
공장 A,MLCC_07,C0G,68eb34b5-3970-4b2e-92e8-bac2488daeae,2025-08-18,박리,0.0339
공장 B,MLCC_07,X7R,fa85c5c6-ba2b-4bcd-8833-876ea229572b,2025-09-04,치핑,0.0395
공장 A,MLCC_08,X5R,4acec1bd-d1d4-478a-9ee0-bcb041a98f76,2025-08-23,크랙,0.0458
공장 B,MLCC_08,X5R,44b1ef8c-b2cf-4096-9394-51502cc2b2a9,2025-08-20,전극손상,0.0489
공장 B,MLCC_02,X5R,aae6f6c7-b024-4d60-a5c0-e79cef77ffbf,2025-09-24,전극손상,0.049
공장 A,MLCC_09,X5R,85167b72-2484-4694-ae34-201cf4e9a720,2025-08-24,크랙,0.0295
공장 C,MLCC_01,C0G,c3e331b3-0207-4288-8023-af783456bc8a,2025-09-20,박리,0.0046
공장 B,MLCC_03,X5R,68ace703-b91b-48ef-a0e8-f0ee1f703558,2025-09-20,단락,0.0373
공장 B,MLCC_02,X5R,c3bd905d-c5c2-40e1-a2b8-b00d2b629a96,2025-08-26,크랙,0.0306
공장 C,MLCC_07,C0G,29fe5acc-a4c8-4c54-9b2c-333216f9197b,2025-09-14,박리,0.0156
공장 C,MLCC_06,X7R,e0444bfc-37d6-4cd6-a366-9894c06bd770,2025-09-09,크랙,0.0141
공장 B,MLCC_02,X7R,21fa8b83-6cd7-4bfe-99bb-2a6484ed9289,2025-09-17,치핑,0.0341
공장 B,MLCC_01,C0G,c13b3b53-594a-447c-9662-16a66d64729b,2025-09-04,치핑,0.0143
공장 A,MLCC_02,C0G,4e7f032b-97a9-4b99-af09-5280234e271e,2025-09-12,치핑,0.0062
공장 A,MLCC_10,X7R,9510d86b-31f5-4a38-a3fe-750e5fc34676,2025-09-18,치핑,0.0371
공장 C,MLCC_05,X5R,a137420d-d551-40df-8a5b-4d2ca5cc19b9,2025-09-19,박리,0.0354
공장 A,MLCC_09,C0G,5e1b265b-eca8-4779-a542-5b17ffd2f1b3,2025-09-03,단락,0.0199
공장 A,MLCC_07,C0G,1e262dc7-5bfd-4a7f-b3fe-0f91e9bfbd75,2025-09-15,박리,0.047
공장 A,MLCC_10,C0G,81dd912a-bb58-442d-9fb9-26801a6f1be1,2025-09-15,크랙,0.0372
공장 B,MLCC_06,C0G,041f1e0f-3b03-4e0d-88de-69c81f4894a9,2025-08-25,크랙,0.0014
공장 B,MLCC_06,X7R,81b2a9f8-4497-4132-892a-3d0a408f9271,2025-08-18,박리,0.0377
공장 C,MLCC_09,X7R,54fffdd7-f425-4cf7-9d40-91249a9a2382,2025-09-12,박리,0.0223
공장 C,MLCC_09,X5R,3eb8bbed-55df-439d-a69a-15aa5f358612,2025-08-26,치핑,0.0299
